#-----------------------------------------------------------
# Vivado v2019.1 (64-bit)
# SW Build 2552052 on Fri May 24 14:47:09 MDT 2019
# IP Build 2548770 on Fri May 24 18:01:18 MDT 2019
# Start of session at: Wed Jun 10 06:56:34 2026
# Process ID: 3401319
# Current directory: /home/lijinming/xiaohe-env/xs-env/NutShell/fpga
# Command line: vivado board/pynq/build/myproject-pynq/myproject-pynq.xpr
# Log file: /home/lijinming/xiaohe-env/xs-env/NutShell/fpga/vivado.log
# Journal file: /home/lijinming/xiaohe-env/xs-env/NutShell/fpga/vivado.jou
#-----------------------------------------------------------
start_gui
open_project board/pynq/build/myproject-pynq/myproject-pynq.xpr
Scanning sources...
Finished scanning sources
INFO: [IP_Flow 19-234] Refreshing IP repositories
INFO: [IP_Flow 19-1704] No user IP repositories specified
INFO: [IP_Flow 19-2313] Loaded Vivado IP repository '/home/lijinming/vivado/Vivado/2019.1/data/ip'.
open_project: Time (s): cpu = 00:00:17 ; elapsed = 00:00:11 . Memory (MB): peak = 6614.121 ; gain = 108.434 ; free physical = 195361 ; free virtual = 220300
update_compile_order -fileset sources_1
open_bd_design {/home/lijinming/xiaohe-env/xs-env/NutShell/fpga/board/pynq/build/myproject-pynq/myproject-pynq.srcs/sources_1/bd/system_top/system_top.bd}
Adding component instance block -- xilinx.com:ip:axi_interconnect:2.1 - axi_interconnect_0
Adding component instance block -- xilinx.com:ip:axi_clock_converter:2.1 - auto_cc
Adding component instance block -- xilinx.com:ip:axi_protocol_converter:2.1 - auto_pc
Adding component instance block -- xilinx.com:ip:axi_interconnect:2.1 - axi_interconnect_1
Adding component instance block -- xilinx.com:ip:axi_crossbar:2.1 - xbar
Adding component instance block -- xilinx.com:ip:axi_protocol_converter:2.1 - auto_pc
Adding component instance block -- xilinx.com:ip:axi_protocol_converter:2.1 - auto_pc
Adding component instance block -- xilinx.com:ip:axi_interconnect:2.1 - axi_interconnect_2
Adding component instance block -- xilinx.com:ip:axi_clock_converter:2.1 - auto_cc
Adding component instance block -- xilinx.com:ip:axi_dwidth_converter:2.1 - auto_ds
Adding component instance block -- xilinx.com:ip:axi_protocol_converter:2.1 - auto_pc
Adding component instance block -- xilinx.com:ip:axi_gpio:2.0 - axi_gpio_0
Adding component instance block -- xilinx.com:ip:clk_wiz:6.0 - clk_wiz_0
Adding component instance block -- xilinx.com:ip:proc_sys_reset:5.0 - uncorerst
Adding component instance block -- xilinx.com:ip:processing_system7:5.5 - processing_system7_0
Adding component instance block -- xilinx.com:module_ref:WuKong:1.0 - WuKong_0
Adding component instance block -- xilinx.com:ip:axi_protocol_converter:2.1 - axi_protocol_convert_0
Adding component instance block -- xilinx.com:ip:axi_protocol_converter:2.1 - axi_protocol_convert_1
Adding component instance block -- xilinx.com:ip:c_shift_ram:12.0 - c_shift_ram_0
Adding component instance block -- xilinx.com:ip:c_shift_ram:12.0 - c_shift_ram_1
Adding component instance block -- xilinx.com:ip:system_ila:1.1 - system_ila_0
Adding component instance block -- xilinx.com:ip:util_vector_logic:2.0 - util_vector_logic_0
WARNING: [BD 41-1731] Type mismatch between connected pins: /rv_system/corerstn(data) and /rv_system/axi_protocol_convert_0/aresetn(rst)
WARNING: [BD 41-1731] Type mismatch between connected pins: /rv_system/corerstn(data) and /rv_system/axi_protocol_convert_1/aresetn(rst)
Adding component instance block -- xilinx.com:ip:xlconcat:2.1 - xlconcat_0
Successfully read diagram <system_top> from BD file </home/lijinming/xiaohe-env/xs-env/NutShell/fpga/board/pynq/build/myproject-pynq/myproject-pynq.srcs/sources_1/bd/system_top/system_top.bd>
open_bd_design: Time (s): cpu = 00:00:22 ; elapsed = 00:00:06 . Memory (MB): peak = 7021.043 ; gain = 52.199 ; free physical = 195227 ; free virtual = 220167
delete_bd_objs [get_bd_nets rv_system/WuKong_0_io_ila_WBUpc] [get_bd_nets rv_system/WuKong_0_io_ila_WBUvalid] [get_bd_nets rv_system/WuKong_0_io_ila_WBUrfWen] [get_bd_nets rv_system/WuKong_0_io_ila_WBUrfDest] [get_bd_nets rv_system/WuKong_0_io_ila_WBUrfData] [get_bd_nets rv_system/WuKong_0_io_ila_InstrCnt] [get_bd_cells rv_system/system_ila_0]
file mkdir /home/lijinming/xiaohe-env/xs-env/NutShell/fpga/board/pynq/build/myproject-pynq/myproject-pynq.srcs/constrs_1
file mkdir /home/lijinming/xiaohe-env/xs-env/NutShell/fpga/board/pynq/build/myproject-pynq/myproject-pynq.srcs/constrs_1/new
close [ open /home/lijinming/xiaohe-env/xs-env/NutShell/fpga/board/pynq/build/myproject-pynq/myproject-pynq.srcs/constrs_1/new/aaaa.xdc w ]
add_files -fileset constrs_1 /home/lijinming/xiaohe-env/xs-env/NutShell/fpga/board/pynq/build/myproject-pynq/myproject-pynq.srcs/constrs_1/new/aaaa.xdc
assign_bd_address
Slave segment </processing_system7_0/S_AXI_GP0/GP0_DDR_LOWOCM> is being mapped into address space </rv_system/WuKong_0/io_mmio> at <0x1000_0000 [ 256M ]>
Slave segment </processing_system7_0/S_AXI_GP0/GP0_QSPI_LINEAR> is being mapped into address space </rv_system/WuKong_0/io_mmio> at <0xFC00_0000 [ 16M ]>
Slave segment </processing_system7_0/S_AXI_GP0/GP0_M_AXI_GP0> is being mapped into address space </rv_system/WuKong_0/io_mmio> at <0x4000_0000 [ 1G ]>
Slave segment </processing_system7_0/S_AXI_GP0/GP0_QSPI> is being mapped into address space </rv_system/WuKong_0/io_mmio> at <0xE000_D000 [ 4K ]>
Slave segment </processing_system7_0/S_AXI_GP0/GP0_USB0> is being mapped into address space </rv_system/WuKong_0/io_mmio> at <0xE000_2000 [ 4K ]>
validate_bd_design
INFO: [xilinx.com:ip:c_shift_ram:12.0-913] /rv_system/c_shift_ram_0 Width has been set to manual on the GUI. It will not be updated during validation with a propagated value.
INFO: [xilinx.com:ip:c_shift_ram:12.0-913] /rv_system/c_shift_ram_1 Width has been set to manual on the GUI. It will not be updated during validation with a propagated value.
WARNING: [BD 41-927] Following properties on pin /rv_system/WuKong_0/clock have been updated from connected ip. They may not be synchronized with cell properties. You can set property on pin directly to confirm the value and resolve the warning.
	CLK_DOMAIN=/hier_clkrst/clk_wiz_0_clk_out1 
CRITICAL WARNING: [BD 41-759] The input pins (listed below) are either not connected or do not have a source port, and they don't have a tie-off specified. These pins are tied-off to all 0's to avoid error in Implementation flow.
Please check your design and connect them as needed: 
/rv_system/WuKong_0/io_interrupt
/xlconcat_0/In0
/xlconcat_0/In1
/xlconcat_0/In2

save_bd_design
WARNING: [BD 41-597] NET <processing_system7_0_IRQ_P2F_ENET0> has no source
WARNING: [BD 41-597] NET <processing_system7_0_IRQ_P2F_SDIO0> has no source
WARNING: [BD 41-597] NET <processing_system7_0_IRQ_P2F_UART1> has no source
Wrote  : </home/lijinming/xiaohe-env/xs-env/NutShell/fpga/board/pynq/build/myproject-pynq/myproject-pynq.srcs/sources_1/bd/system_top/system_top.bd> 
Wrote  : </home/lijinming/xiaohe-env/xs-env/NutShell/fpga/board/pynq/build/myproject-pynq/myproject-pynq.srcs/sources_1/bd/system_top/ui/bd_9edf8fa5.ui> 
Wrote  : </home/lijinming/xiaohe-env/xs-env/NutShell/fpga/board/pynq/build/myproject-pynq/myproject-pynq.srcs/sources_1/bd/system_top/ui/bd_b096ec45.ui> 
update_module_reference system_top_WuKong_0_0
INFO: [IP_Flow 19-5107] Inferred bus interface 'io_master' of definition 'xilinx.com:interface:aximm:1.0' (from Xilinx Repository).
INFO: [IP_Flow 19-5107] Inferred bus interface 'io_mmio' of definition 'xilinx.com:interface:aximm:1.0' (from Xilinx Repository).
INFO: [IP_Flow 19-5107] Inferred bus interface 'reset' of definition 'xilinx.com:signal:reset:1.0' (from Xilinx Repository).
INFO: [IP_Flow 19-5107] Inferred bus interface 'clock' of definition 'xilinx.com:signal:clock:1.0' (from Xilinx Repository).
INFO: [IP_Flow 19-5107] Inferred bus interface 'io_interrupt' of definition 'xilinx.com:signal:interrupt:1.0' (from Xilinx Repository).
INFO: [IP_Flow 19-4728] Bus Interface 'io_interrupt': Added interface parameter 'SENSITIVITY' with value 'LEVEL_HIGH'.
INFO: [IP_Flow 19-4728] Bus Interface 'clock': Added interface parameter 'ASSOCIATED_BUSIF' with value 'io_master'.
INFO: [IP_Flow 19-4728] Bus Interface 'clock': Added interface parameter 'ASSOCIATED_RESET' with value 'reset'.
INFO: [IP_Flow 19-234] Refreshing IP repositories
INFO: [IP_Flow 19-1704] No user IP repositories specified
Upgrading '/home/lijinming/xiaohe-env/xs-env/NutShell/fpga/board/pynq/build/myproject-pynq/myproject-pynq.srcs/sources_1/bd/system_top/system_top.bd'
INFO: [IP_Flow 19-3420] Updated system_top_WuKong_0_0 to use current project options
WARNING: [BD 41-597] NET <processing_system7_0_IRQ_P2F_ENET0> has no source
WARNING: [BD 41-597] NET <processing_system7_0_IRQ_P2F_SDIO0> has no source
WARNING: [BD 41-597] NET <processing_system7_0_IRQ_P2F_UART1> has no source
Wrote  : </home/lijinming/xiaohe-env/xs-env/NutShell/fpga/board/pynq/build/myproject-pynq/myproject-pynq.srcs/sources_1/bd/system_top/system_top.bd> 
Wrote  : </home/lijinming/xiaohe-env/xs-env/NutShell/fpga/board/pynq/build/myproject-pynq/myproject-pynq.srcs/sources_1/bd/system_top/ui/bd_9edf8fa5.ui> 
Wrote  : </home/lijinming/xiaohe-env/xs-env/NutShell/fpga/board/pynq/build/myproject-pynq/myproject-pynq.srcs/sources_1/bd/system_top/ui/bd_b096ec45.ui> 
launch_runs synth_1 -jobs 20
INFO: [xilinx.com:ip:c_shift_ram:12.0-913] /rv_system/c_shift_ram_0 Width has been set to manual on the GUI. It will not be updated during validation with a propagated value.
INFO: [xilinx.com:ip:c_shift_ram:12.0-913] /rv_system/c_shift_ram_0 Width has been set to manual on the GUI. It will not be updated during validation with a propagated value.
INFO: [xilinx.com:ip:c_shift_ram:12.0-913] /rv_system/c_shift_ram_1 Width has been set to manual on the GUI. It will not be updated during validation with a propagated value.
INFO: [xilinx.com:ip:c_shift_ram:12.0-913] /rv_system/c_shift_ram_1 Width has been set to manual on the GUI. It will not be updated during validation with a propagated value.
WARNING: [BD 41-927] Following properties on pin /rv_system/WuKong_0/clock have been updated from connected ip. They may not be synchronized with cell properties. You can set property on pin directly to confirm the value and resolve the warning.
	CLK_DOMAIN=/hier_clkrst/clk_wiz_0_clk_out1 
CRITICAL WARNING: [BD 41-759] The input pins (listed below) are either not connected or do not have a source port, and they don't have a tie-off specified. These pins are tied-off to all 0's to avoid error in Implementation flow.
Please check your design and connect them as needed: 
/rv_system/WuKong_0/io_interrupt
/xlconcat_0/In0
/xlconcat_0/In1
/xlconcat_0/In2

WARNING: [BD 41-597] NET <processing_system7_0_IRQ_P2F_ENET0> has no source
WARNING: [BD 41-597] NET <processing_system7_0_IRQ_P2F_SDIO0> has no source
WARNING: [BD 41-597] NET <processing_system7_0_IRQ_P2F_UART1> has no source
Wrote  : </home/lijinming/xiaohe-env/xs-env/NutShell/fpga/board/pynq/build/myproject-pynq/myproject-pynq.srcs/sources_1/bd/system_top/system_top.bd> 
Wrote  : </home/lijinming/xiaohe-env/xs-env/NutShell/fpga/board/pynq/build/myproject-pynq/myproject-pynq.srcs/sources_1/bd/system_top/ui/bd_9edf8fa5.ui> 
Wrote  : </home/lijinming/xiaohe-env/xs-env/NutShell/fpga/board/pynq/build/myproject-pynq/myproject-pynq.srcs/sources_1/bd/system_top/ui/bd_b096ec45.ui> 
WARNING: [BD 41-235] Width mismatch when connecting pin: '/axi_interconnect_0/s00_couplers/auto_pc/m_axi_bid'(4) to net 'auto_pc_to_s00_couplers_BID'(6) - Only lower order bits will be connected.
WARNING: [BD 41-235] Width mismatch when connecting pin: '/axi_interconnect_0/s00_couplers/auto_pc/m_axi_rid'(4) to net 'auto_pc_to_s00_couplers_RID'(6) - Only lower order bits will be connected.
WARNING: [BD 41-235] Width mismatch when connecting pin: '/processing_system7_0/S_AXI_HP0_AWID'(6) to net 'axi_interconnect_0_M00_AXI_AWID'(4) - Only lower order bits will be connected.
WARNING: [BD 41-235] Width mismatch when connecting pin: '/processing_system7_0/S_AXI_HP0_WID'(6) to net 'axi_interconnect_0_M00_AXI_WID'(4) - Only lower order bits will be connected.
WARNING: [BD 41-235] Width mismatch when connecting pin: '/processing_system7_0/S_AXI_HP0_ARID'(6) to net 'axi_interconnect_0_M00_AXI_ARID'(4) - Only lower order bits will be connected.
WARNING: [BD 41-166] Source port for the net:processing_system7_0_IRQ_P2F_ENET0 is NULL! Connection will be grounded!
WARNING: [BD 41-166] Source port for the net:processing_system7_0_IRQ_P2F_SDIO0 is NULL! Connection will be grounded!
WARNING: [BD 41-166] Source port for the net:processing_system7_0_IRQ_P2F_UART1 is NULL! Connection will be grounded!
VHDL Output written to : /home/lijinming/xiaohe-env/xs-env/NutShell/fpga/board/pynq/build/myproject-pynq/myproject-pynq.srcs/sources_1/bd/system_top/synth/system_top.v
WARNING: [BD 41-235] Width mismatch when connecting pin: '/axi_interconnect_0/s00_couplers/auto_pc/m_axi_bid'(4) to net 'auto_pc_to_s00_couplers_BID'(6) - Only lower order bits will be connected.
WARNING: [BD 41-235] Width mismatch when connecting pin: '/axi_interconnect_0/s00_couplers/auto_pc/m_axi_rid'(4) to net 'auto_pc_to_s00_couplers_RID'(6) - Only lower order bits will be connected.
WARNING: [BD 41-235] Width mismatch when connecting pin: '/processing_system7_0/S_AXI_HP0_AWID'(6) to net 'axi_interconnect_0_M00_AXI_AWID'(4) - Only lower order bits will be connected.
WARNING: [BD 41-235] Width mismatch when connecting pin: '/processing_system7_0/S_AXI_HP0_WID'(6) to net 'axi_interconnect_0_M00_AXI_WID'(4) - Only lower order bits will be connected.
WARNING: [BD 41-235] Width mismatch when connecting pin: '/processing_system7_0/S_AXI_HP0_ARID'(6) to net 'axi_interconnect_0_M00_AXI_ARID'(4) - Only lower order bits will be connected.
WARNING: [BD 41-166] Source port for the net:processing_system7_0_IRQ_P2F_ENET0 is NULL! Connection will be grounded!
WARNING: [BD 41-166] Source port for the net:processing_system7_0_IRQ_P2F_SDIO0 is NULL! Connection will be grounded!
WARNING: [BD 41-166] Source port for the net:processing_system7_0_IRQ_P2F_UART1 is NULL! Connection will be grounded!
VHDL Output written to : /home/lijinming/xiaohe-env/xs-env/NutShell/fpga/board/pynq/build/myproject-pynq/myproject-pynq.srcs/sources_1/bd/system_top/sim/system_top.v
VHDL Output written to : /home/lijinming/xiaohe-env/xs-env/NutShell/fpga/board/pynq/build/myproject-pynq/myproject-pynq.srcs/sources_1/bd/system_top/hdl/system_top_wrapper.v
Wrote  : </home/lijinming/xiaohe-env/xs-env/NutShell/fpga/board/pynq/build/myproject-pynq/myproject-pynq.srcs/sources_1/bd/system_top/ui/bd_9edf8fa5.ui> 
Wrote  : </home/lijinming/xiaohe-env/xs-env/NutShell/fpga/board/pynq/build/myproject-pynq/myproject-pynq.srcs/sources_1/bd/system_top/ui/bd_b096ec45.ui> 
INFO: [BD 41-1029] Generation completed for the IP Integrator block axi_interconnect_1/xbar .
INFO: [BD 41-1029] Generation completed for the IP Integrator block hier_clkrst/axi_gpio_0 .
INFO: [BD 41-1029] Generation completed for the IP Integrator block hier_clkrst/clk_wiz_0 .
INFO: [BD 41-1029] Generation completed for the IP Integrator block hier_clkrst/uncorerst .
INFO: [BD 41-1029] Generation completed for the IP Integrator block processing_system7_0 .
INFO: [BD 41-1029] Generation completed for the IP Integrator block rv_system/WuKong_0 .
WARNING: [IP_Flow 19-4994] Overwriting existing constraint file '/home/lijinming/xiaohe-env/xs-env/NutShell/fpga/board/pynq/build/myproject-pynq/myproject-pynq.srcs/sources_1/bd/system_top/ip/system_top_axi_protocol_convert_0_0/system_top_axi_protocol_convert_0_0_ooc.xdc'
INFO: [BD 41-1029] Generation completed for the IP Integrator block rv_system/axi_protocol_convert_0 .
WARNING: [IP_Flow 19-4994] Overwriting existing constraint file '/home/lijinming/xiaohe-env/xs-env/NutShell/fpga/board/pynq/build/myproject-pynq/myproject-pynq.srcs/sources_1/bd/system_top/ip/system_top_axi_protocol_convert_1_0/system_top_axi_protocol_convert_1_0_ooc.xdc'
INFO: [BD 41-1029] Generation completed for the IP Integrator block rv_system/axi_protocol_convert_1 .
INFO: [BD 41-1029] Generation completed for the IP Integrator block rv_system/c_shift_ram_0 .
INFO: [BD 41-1029] Generation completed for the IP Integrator block rv_system/c_shift_ram_1 .
INFO: [BD 41-1029] Generation completed for the IP Integrator block rv_system/util_vector_logic_0 .
INFO: [BD 41-1029] Generation completed for the IP Integrator block xlconcat_0 .
WARNING: [IP_Flow 19-4994] Overwriting existing constraint file '/home/lijinming/xiaohe-env/xs-env/NutShell/fpga/board/pynq/build/myproject-pynq/myproject-pynq.srcs/sources_1/bd/system_top/ip/system_top_auto_cc_0/system_top_auto_cc_0_ooc.xdc'
INFO: [BD 41-1029] Generation completed for the IP Integrator block axi_interconnect_0/s00_couplers/auto_cc .
WARNING: [IP_Flow 19-4994] Overwriting existing constraint file '/home/lijinming/xiaohe-env/xs-env/NutShell/fpga/board/pynq/build/myproject-pynq/myproject-pynq.srcs/sources_1/bd/system_top/ip/system_top_auto_pc_0/system_top_auto_pc_0_ooc.xdc'
INFO: [BD 41-1029] Generation completed for the IP Integrator block axi_interconnect_0/s00_couplers/auto_pc .
WARNING: [IP_Flow 19-4994] Overwriting existing constraint file '/home/lijinming/xiaohe-env/xs-env/NutShell/fpga/board/pynq/build/myproject-pynq/myproject-pynq.srcs/sources_1/bd/system_top/ip/system_top_auto_pc_2/system_top_auto_pc_2_ooc.xdc'
INFO: [BD 41-1029] Generation completed for the IP Integrator block axi_interconnect_1/s00_couplers/auto_pc .
WARNING: [IP_Flow 19-4994] Overwriting existing constraint file '/home/lijinming/xiaohe-env/xs-env/NutShell/fpga/board/pynq/build/myproject-pynq/myproject-pynq.srcs/sources_1/bd/system_top/ip/system_top_auto_pc_1/system_top_auto_pc_1_ooc.xdc'
INFO: [BD 41-1029] Generation completed for the IP Integrator block axi_interconnect_1/m00_couplers/auto_pc .
WARNING: [IP_Flow 19-4994] Overwriting existing constraint file '/home/lijinming/xiaohe-env/xs-env/NutShell/fpga/board/pynq/build/myproject-pynq/myproject-pynq.srcs/sources_1/bd/system_top/ip/system_top_auto_cc_1/system_top_auto_cc_1_ooc.xdc'
INFO: [BD 41-1029] Generation completed for the IP Integrator block axi_interconnect_2/s00_couplers/auto_cc .
WARNING: [IP_Flow 19-4994] Overwriting existing constraint file '/home/lijinming/xiaohe-env/xs-env/NutShell/fpga/board/pynq/build/myproject-pynq/myproject-pynq.srcs/sources_1/bd/system_top/ip/system_top_auto_ds_0/system_top_auto_ds_0_ooc.xdc'
INFO: [BD 41-1029] Generation completed for the IP Integrator block axi_interconnect_2/s00_couplers/auto_ds .
WARNING: [IP_Flow 19-4994] Overwriting existing constraint file '/home/lijinming/xiaohe-env/xs-env/NutShell/fpga/board/pynq/build/myproject-pynq/myproject-pynq.srcs/sources_1/bd/system_top/ip/system_top_auto_pc_3/system_top_auto_pc_3_ooc.xdc'
INFO: [BD 41-1029] Generation completed for the IP Integrator block axi_interconnect_2/s00_couplers/auto_pc .
Exporting to file /home/lijinming/xiaohe-env/xs-env/NutShell/fpga/board/pynq/build/myproject-pynq/myproject-pynq.srcs/sources_1/bd/system_top/hw_handoff/system_top.hwh
Generated Block Design Tcl file /home/lijinming/xiaohe-env/xs-env/NutShell/fpga/board/pynq/build/myproject-pynq/myproject-pynq.srcs/sources_1/bd/system_top/hw_handoff/system_top_bd.tcl
Generated Hardware Definition File /home/lijinming/xiaohe-env/xs-env/NutShell/fpga/board/pynq/build/myproject-pynq/myproject-pynq.srcs/sources_1/bd/system_top/synth/system_top.hwdef
CRITICAL WARNING: [HDL 9-806] Syntax error near "@". [/home/lijinming/xiaohe-env/xs-env/NutShell/src/test/vsrc/monitor.v:13]
[Wed Jun 10 07:08:44 2026] Launched system_top_auto_pc_0_synth_1, system_top_xbar_0_synth_1, system_top_axi_gpio_0_0_synth_1, system_top_clk_wiz_0_0_synth_1, system_top_uncorerst_0_synth_1, system_top_processing_system7_0_0_synth_1, system_top_axi_protocol_convert_0_0_synth_1, system_top_WuKong_0_0_synth_1, system_top_c_shift_ram_1_0_synth_1, system_top_c_shift_ram_0_0_synth_1, system_top_util_vector_logic_0_0_synth_1, system_top_auto_ds_0_synth_1, system_top_auto_cc_1_synth_1, system_top_axi_protocol_convert_1_0_synth_1, system_top_auto_pc_1_synth_1, system_top_auto_pc_2_synth_1, system_top_auto_cc_0_synth_1, system_top_auto_pc_3_synth_1...
Run output will be captured here:
system_top_auto_pc_0_synth_1: /home/lijinming/xiaohe-env/xs-env/NutShell/fpga/board/pynq/build/myproject-pynq/myproject-pynq.runs/system_top_auto_pc_0_synth_1/runme.log
system_top_xbar_0_synth_1: /home/lijinming/xiaohe-env/xs-env/NutShell/fpga/board/pynq/build/myproject-pynq/myproject-pynq.runs/system_top_xbar_0_synth_1/runme.log
system_top_axi_gpio_0_0_synth_1: /home/lijinming/xiaohe-env/xs-env/NutShell/fpga/board/pynq/build/myproject-pynq/myproject-pynq.runs/system_top_axi_gpio_0_0_synth_1/runme.log
system_top_clk_wiz_0_0_synth_1: /home/lijinming/xiaohe-env/xs-env/NutShell/fpga/board/pynq/build/myproject-pynq/myproject-pynq.runs/system_top_clk_wiz_0_0_synth_1/runme.log
system_top_uncorerst_0_synth_1: /home/lijinming/xiaohe-env/xs-env/NutShell/fpga/board/pynq/build/myproject-pynq/myproject-pynq.runs/system_top_uncorerst_0_synth_1/runme.log
system_top_processing_system7_0_0_synth_1: /home/lijinming/xiaohe-env/xs-env/NutShell/fpga/board/pynq/build/myproject-pynq/myproject-pynq.runs/system_top_processing_system7_0_0_synth_1/runme.log
system_top_axi_protocol_convert_0_0_synth_1: /home/lijinming/xiaohe-env/xs-env/NutShell/fpga/board/pynq/build/myproject-pynq/myproject-pynq.runs/system_top_axi_protocol_convert_0_0_synth_1/runme.log
system_top_WuKong_0_0_synth_1: /home/lijinming/xiaohe-env/xs-env/NutShell/fpga/board/pynq/build/myproject-pynq/myproject-pynq.runs/system_top_WuKong_0_0_synth_1/runme.log
system_top_c_shift_ram_1_0_synth_1: /home/lijinming/xiaohe-env/xs-env/NutShell/fpga/board/pynq/build/myproject-pynq/myproject-pynq.runs/system_top_c_shift_ram_1_0_synth_1/runme.log
system_top_c_shift_ram_0_0_synth_1: /home/lijinming/xiaohe-env/xs-env/NutShell/fpga/board/pynq/build/myproject-pynq/myproject-pynq.runs/system_top_c_shift_ram_0_0_synth_1/runme.log
system_top_util_vector_logic_0_0_synth_1: /home/lijinming/xiaohe-env/xs-env/NutShell/fpga/board/pynq/build/myproject-pynq/myproject-pynq.runs/system_top_util_vector_logic_0_0_synth_1/runme.log
system_top_auto_ds_0_synth_1: /home/lijinming/xiaohe-env/xs-env/NutShell/fpga/board/pynq/build/myproject-pynq/myproject-pynq.runs/system_top_auto_ds_0_synth_1/runme.log
system_top_auto_cc_1_synth_1: /home/lijinming/xiaohe-env/xs-env/NutShell/fpga/board/pynq/build/myproject-pynq/myproject-pynq.runs/system_top_auto_cc_1_synth_1/runme.log
system_top_axi_protocol_convert_1_0_synth_1: /home/lijinming/xiaohe-env/xs-env/NutShell/fpga/board/pynq/build/myproject-pynq/myproject-pynq.runs/system_top_axi_protocol_convert_1_0_synth_1/runme.log
system_top_auto_pc_1_synth_1: /home/lijinming/xiaohe-env/xs-env/NutShell/fpga/board/pynq/build/myproject-pynq/myproject-pynq.runs/system_top_auto_pc_1_synth_1/runme.log
system_top_auto_pc_2_synth_1: /home/lijinming/xiaohe-env/xs-env/NutShell/fpga/board/pynq/build/myproject-pynq/myproject-pynq.runs/system_top_auto_pc_2_synth_1/runme.log
system_top_auto_cc_0_synth_1: /home/lijinming/xiaohe-env/xs-env/NutShell/fpga/board/pynq/build/myproject-pynq/myproject-pynq.runs/system_top_auto_cc_0_synth_1/runme.log
system_top_auto_pc_3_synth_1: /home/lijinming/xiaohe-env/xs-env/NutShell/fpga/board/pynq/build/myproject-pynq/myproject-pynq.runs/system_top_auto_pc_3_synth_1/runme.log
[Wed Jun 10 07:08:44 2026] Launched synth_1...
Run output will be captured here: /home/lijinming/xiaohe-env/xs-env/NutShell/fpga/board/pynq/build/myproject-pynq/myproject-pynq.runs/synth_1/runme.log
launch_runs: Time (s): cpu = 00:00:46 ; elapsed = 00:00:36 . Memory (MB): peak = 7429.336 ; gain = 321.699 ; free physical = 194968 ; free virtual = 219932
reset_run system_top_WuKong_0_0_synth_1
reset_run synth_1
update_module_reference system_top_WuKong_0_0
INFO: [IP_Flow 19-5107] Inferred bus interface 'io_master' of definition 'xilinx.com:interface:aximm:1.0' (from Xilinx Repository).
INFO: [IP_Flow 19-5107] Inferred bus interface 'io_mmio' of definition 'xilinx.com:interface:aximm:1.0' (from Xilinx Repository).
INFO: [IP_Flow 19-5107] Inferred bus interface 'reset' of definition 'xilinx.com:signal:reset:1.0' (from Xilinx Repository).
INFO: [IP_Flow 19-5107] Inferred bus interface 'clock' of definition 'xilinx.com:signal:clock:1.0' (from Xilinx Repository).
INFO: [IP_Flow 19-5107] Inferred bus interface 'io_interrupt' of definition 'xilinx.com:signal:interrupt:1.0' (from Xilinx Repository).
INFO: [IP_Flow 19-4728] Bus Interface 'io_interrupt': Added interface parameter 'SENSITIVITY' with value 'LEVEL_HIGH'.
INFO: [IP_Flow 19-4728] Bus Interface 'clock': Added interface parameter 'ASSOCIATED_BUSIF' with value 'io_master'.
INFO: [IP_Flow 19-4728] Bus Interface 'clock': Added interface parameter 'ASSOCIATED_RESET' with value 'reset'.
INFO: [IP_Flow 19-234] Refreshing IP repositories
INFO: [IP_Flow 19-1704] No user IP repositories specified
Upgrading '/home/lijinming/xiaohe-env/xs-env/NutShell/fpga/board/pynq/build/myproject-pynq/myproject-pynq.srcs/sources_1/bd/system_top/system_top.bd'
INFO: [IP_Flow 19-3420] Updated system_top_WuKong_0_0 to use current project options
WARNING: [BD 41-597] NET <processing_system7_0_IRQ_P2F_ENET0> has no source
WARNING: [BD 41-597] NET <processing_system7_0_IRQ_P2F_SDIO0> has no source
WARNING: [BD 41-597] NET <processing_system7_0_IRQ_P2F_UART1> has no source
Wrote  : </home/lijinming/xiaohe-env/xs-env/NutShell/fpga/board/pynq/build/myproject-pynq/myproject-pynq.srcs/sources_1/bd/system_top/system_top.bd> 
Wrote  : </home/lijinming/xiaohe-env/xs-env/NutShell/fpga/board/pynq/build/myproject-pynq/myproject-pynq.srcs/sources_1/bd/system_top/ui/bd_9edf8fa5.ui> 
Wrote  : </home/lijinming/xiaohe-env/xs-env/NutShell/fpga/board/pynq/build/myproject-pynq/myproject-pynq.srcs/sources_1/bd/system_top/ui/bd_b096ec45.ui> 
launch_runs synth_1 -jobs 20
INFO: [xilinx.com:ip:c_shift_ram:12.0-913] /rv_system/c_shift_ram_0 Width has been set to manual on the GUI. It will not be updated during validation with a propagated value.
INFO: [xilinx.com:ip:c_shift_ram:12.0-913] /rv_system/c_shift_ram_0 Width has been set to manual on the GUI. It will not be updated during validation with a propagated value.
INFO: [xilinx.com:ip:c_shift_ram:12.0-913] /rv_system/c_shift_ram_1 Width has been set to manual on the GUI. It will not be updated during validation with a propagated value.
INFO: [xilinx.com:ip:c_shift_ram:12.0-913] /rv_system/c_shift_ram_1 Width has been set to manual on the GUI. It will not be updated during validation with a propagated value.
WARNING: [BD 41-927] Following properties on pin /rv_system/WuKong_0/clock have been updated from connected ip. They may not be synchronized with cell properties. You can set property on pin directly to confirm the value and resolve the warning.
	CLK_DOMAIN=/hier_clkrst/clk_wiz_0_clk_out1 
CRITICAL WARNING: [BD 41-759] The input pins (listed below) are either not connected or do not have a source port, and they don't have a tie-off specified. These pins are tied-off to all 0's to avoid error in Implementation flow.
Please check your design and connect them as needed: 
/rv_system/WuKong_0/io_interrupt
/xlconcat_0/In0
/xlconcat_0/In1
/xlconcat_0/In2

WARNING: [BD 41-597] NET <processing_system7_0_IRQ_P2F_ENET0> has no source
WARNING: [BD 41-597] NET <processing_system7_0_IRQ_P2F_SDIO0> has no source
WARNING: [BD 41-597] NET <processing_system7_0_IRQ_P2F_UART1> has no source
Wrote  : </home/lijinming/xiaohe-env/xs-env/NutShell/fpga/board/pynq/build/myproject-pynq/myproject-pynq.srcs/sources_1/bd/system_top/system_top.bd> 
Wrote  : </home/lijinming/xiaohe-env/xs-env/NutShell/fpga/board/pynq/build/myproject-pynq/myproject-pynq.srcs/sources_1/bd/system_top/ui/bd_9edf8fa5.ui> 
Wrote  : </home/lijinming/xiaohe-env/xs-env/NutShell/fpga/board/pynq/build/myproject-pynq/myproject-pynq.srcs/sources_1/bd/system_top/ui/bd_b096ec45.ui> 
WARNING: [BD 41-235] Width mismatch when connecting pin: '/axi_interconnect_0/s00_couplers/auto_pc/m_axi_bid'(4) to net 'auto_pc_to_s00_couplers_BID'(6) - Only lower order bits will be connected.
WARNING: [BD 41-235] Width mismatch when connecting pin: '/axi_interconnect_0/s00_couplers/auto_pc/m_axi_rid'(4) to net 'auto_pc_to_s00_couplers_RID'(6) - Only lower order bits will be connected.
WARNING: [BD 41-235] Width mismatch when connecting pin: '/processing_system7_0/S_AXI_HP0_AWID'(6) to net 'axi_interconnect_0_M00_AXI_AWID'(4) - Only lower order bits will be connected.
WARNING: [BD 41-235] Width mismatch when connecting pin: '/processing_system7_0/S_AXI_HP0_WID'(6) to net 'axi_interconnect_0_M00_AXI_WID'(4) - Only lower order bits will be connected.
WARNING: [BD 41-235] Width mismatch when connecting pin: '/processing_system7_0/S_AXI_HP0_ARID'(6) to net 'axi_interconnect_0_M00_AXI_ARID'(4) - Only lower order bits will be connected.
WARNING: [BD 41-166] Source port for the net:processing_system7_0_IRQ_P2F_ENET0 is NULL! Connection will be grounded!
WARNING: [BD 41-166] Source port for the net:processing_system7_0_IRQ_P2F_SDIO0 is NULL! Connection will be grounded!
WARNING: [BD 41-166] Source port for the net:processing_system7_0_IRQ_P2F_UART1 is NULL! Connection will be grounded!
VHDL Output written to : /home/lijinming/xiaohe-env/xs-env/NutShell/fpga/board/pynq/build/myproject-pynq/myproject-pynq.srcs/sources_1/bd/system_top/synth/system_top.v
WARNING: [BD 41-235] Width mismatch when connecting pin: '/axi_interconnect_0/s00_couplers/auto_pc/m_axi_bid'(4) to net 'auto_pc_to_s00_couplers_BID'(6) - Only lower order bits will be connected.
WARNING: [BD 41-235] Width mismatch when connecting pin: '/axi_interconnect_0/s00_couplers/auto_pc/m_axi_rid'(4) to net 'auto_pc_to_s00_couplers_RID'(6) - Only lower order bits will be connected.
WARNING: [BD 41-235] Width mismatch when connecting pin: '/processing_system7_0/S_AXI_HP0_AWID'(6) to net 'axi_interconnect_0_M00_AXI_AWID'(4) - Only lower order bits will be connected.
WARNING: [BD 41-235] Width mismatch when connecting pin: '/processing_system7_0/S_AXI_HP0_WID'(6) to net 'axi_interconnect_0_M00_AXI_WID'(4) - Only lower order bits will be connected.
WARNING: [BD 41-235] Width mismatch when connecting pin: '/processing_system7_0/S_AXI_HP0_ARID'(6) to net 'axi_interconnect_0_M00_AXI_ARID'(4) - Only lower order bits will be connected.
WARNING: [BD 41-166] Source port for the net:processing_system7_0_IRQ_P2F_ENET0 is NULL! Connection will be grounded!
WARNING: [BD 41-166] Source port for the net:processing_system7_0_IRQ_P2F_SDIO0 is NULL! Connection will be grounded!
WARNING: [BD 41-166] Source port for the net:processing_system7_0_IRQ_P2F_UART1 is NULL! Connection will be grounded!
VHDL Output written to : /home/lijinming/xiaohe-env/xs-env/NutShell/fpga/board/pynq/build/myproject-pynq/myproject-pynq.srcs/sources_1/bd/system_top/sim/system_top.v
VHDL Output written to : /home/lijinming/xiaohe-env/xs-env/NutShell/fpga/board/pynq/build/myproject-pynq/myproject-pynq.srcs/sources_1/bd/system_top/hdl/system_top_wrapper.v
Wrote  : </home/lijinming/xiaohe-env/xs-env/NutShell/fpga/board/pynq/build/myproject-pynq/myproject-pynq.srcs/sources_1/bd/system_top/ui/bd_9edf8fa5.ui> 
Wrote  : </home/lijinming/xiaohe-env/xs-env/NutShell/fpga/board/pynq/build/myproject-pynq/myproject-pynq.srcs/sources_1/bd/system_top/ui/bd_b096ec45.ui> 
INFO: [BD 41-1029] Generation completed for the IP Integrator block axi_interconnect_1/xbar .
INFO: [BD 41-1029] Generation completed for the IP Integrator block hier_clkrst/axi_gpio_0 .
INFO: [BD 41-1029] Generation completed for the IP Integrator block hier_clkrst/clk_wiz_0 .
INFO: [BD 41-1029] Generation completed for the IP Integrator block hier_clkrst/uncorerst .
INFO: [BD 41-1029] Generation completed for the IP Integrator block processing_system7_0 .
INFO: [BD 41-1029] Generation completed for the IP Integrator block rv_system/WuKong_0 .
INFO: [BD 41-1029] Generation completed for the IP Integrator block rv_system/axi_protocol_convert_0 .
INFO: [BD 41-1029] Generation completed for the IP Integrator block rv_system/axi_protocol_convert_1 .
INFO: [BD 41-1029] Generation completed for the IP Integrator block rv_system/c_shift_ram_0 .
INFO: [BD 41-1029] Generation completed for the IP Integrator block rv_system/c_shift_ram_1 .
INFO: [BD 41-1029] Generation completed for the IP Integrator block rv_system/util_vector_logic_0 .
INFO: [BD 41-1029] Generation completed for the IP Integrator block xlconcat_0 .
WARNING: [IP_Flow 19-4994] Overwriting existing constraint file '/home/lijinming/xiaohe-env/xs-env/NutShell/fpga/board/pynq/build/myproject-pynq/myproject-pynq.srcs/sources_1/bd/system_top/ip/system_top_auto_cc_0/system_top_auto_cc_0_ooc.xdc'
INFO: [BD 41-1029] Generation completed for the IP Integrator block axi_interconnect_0/s00_couplers/auto_cc .
WARNING: [IP_Flow 19-4994] Overwriting existing constraint file '/home/lijinming/xiaohe-env/xs-env/NutShell/fpga/board/pynq/build/myproject-pynq/myproject-pynq.srcs/sources_1/bd/system_top/ip/system_top_auto_pc_0/system_top_auto_pc_0_ooc.xdc'
INFO: [BD 41-1029] Generation completed for the IP Integrator block axi_interconnect_0/s00_couplers/auto_pc .
WARNING: [IP_Flow 19-4994] Overwriting existing constraint file '/home/lijinming/xiaohe-env/xs-env/NutShell/fpga/board/pynq/build/myproject-pynq/myproject-pynq.srcs/sources_1/bd/system_top/ip/system_top_auto_pc_2/system_top_auto_pc_2_ooc.xdc'
INFO: [BD 41-1029] Generation completed for the IP Integrator block axi_interconnect_1/s00_couplers/auto_pc .
WARNING: [IP_Flow 19-4994] Overwriting existing constraint file '/home/lijinming/xiaohe-env/xs-env/NutShell/fpga/board/pynq/build/myproject-pynq/myproject-pynq.srcs/sources_1/bd/system_top/ip/system_top_auto_pc_1/system_top_auto_pc_1_ooc.xdc'
INFO: [BD 41-1029] Generation completed for the IP Integrator block axi_interconnect_1/m00_couplers/auto_pc .
WARNING: [IP_Flow 19-4994] Overwriting existing constraint file '/home/lijinming/xiaohe-env/xs-env/NutShell/fpga/board/pynq/build/myproject-pynq/myproject-pynq.srcs/sources_1/bd/system_top/ip/system_top_auto_cc_1/system_top_auto_cc_1_ooc.xdc'
INFO: [BD 41-1029] Generation completed for the IP Integrator block axi_interconnect_2/s00_couplers/auto_cc .
WARNING: [IP_Flow 19-4994] Overwriting existing constraint file '/home/lijinming/xiaohe-env/xs-env/NutShell/fpga/board/pynq/build/myproject-pynq/myproject-pynq.srcs/sources_1/bd/system_top/ip/system_top_auto_ds_0/system_top_auto_ds_0_ooc.xdc'
INFO: [BD 41-1029] Generation completed for the IP Integrator block axi_interconnect_2/s00_couplers/auto_ds .
WARNING: [IP_Flow 19-4994] Overwriting existing constraint file '/home/lijinming/xiaohe-env/xs-env/NutShell/fpga/board/pynq/build/myproject-pynq/myproject-pynq.srcs/sources_1/bd/system_top/ip/system_top_auto_pc_3/system_top_auto_pc_3_ooc.xdc'
INFO: [BD 41-1029] Generation completed for the IP Integrator block axi_interconnect_2/s00_couplers/auto_pc .
Exporting to file /home/lijinming/xiaohe-env/xs-env/NutShell/fpga/board/pynq/build/myproject-pynq/myproject-pynq.srcs/sources_1/bd/system_top/hw_handoff/system_top.hwh
Generated Block Design Tcl file /home/lijinming/xiaohe-env/xs-env/NutShell/fpga/board/pynq/build/myproject-pynq/myproject-pynq.srcs/sources_1/bd/system_top/hw_handoff/system_top_bd.tcl
Generated Hardware Definition File /home/lijinming/xiaohe-env/xs-env/NutShell/fpga/board/pynq/build/myproject-pynq/myproject-pynq.srcs/sources_1/bd/system_top/synth/system_top.hwdef
INFO: [IP_Flow 19-4993] Using cached IP synthesis design for IP system_top_auto_cc_0, cache-ID = d8872cef721071b5; cache size = 12.102 MB.
INFO: [IP_Flow 19-4993] Using cached IP synthesis design for IP system_top_auto_cc_1, cache-ID = d8872cef721071b5; cache size = 12.102 MB.
INFO: [IP_Flow 19-4993] Using cached IP synthesis design for IP system_top_auto_ds_0, cache-ID = 041646f20ee284ce; cache size = 12.102 MB.
INFO: [IP_Flow 19-4993] Using cached IP synthesis design for IP system_top_auto_pc_0, cache-ID = 376ed15baafd35a5; cache size = 12.102 MB.
INFO: [IP_Flow 19-4993] Using cached IP synthesis design for IP system_top_auto_pc_1, cache-ID = 568c5b57f5301974; cache size = 12.102 MB.
INFO: [IP_Flow 19-4993] Using cached IP synthesis design for IP system_top_auto_pc_2, cache-ID = 4ac82e73754102c5; cache size = 12.102 MB.
INFO: [IP_Flow 19-4993] Using cached IP synthesis design for IP system_top_auto_pc_3, cache-ID = aecc14e4a02c5dec; cache size = 12.102 MB.
CRITICAL WARNING: [HDL 9-806] Syntax error near "@". [/home/lijinming/xiaohe-env/xs-env/NutShell/src/test/vsrc/monitor.v:13]
[Wed Jun 10 07:45:37 2026] Launched system_top_WuKong_0_0_synth_1...
Run output will be captured here: /home/lijinming/xiaohe-env/xs-env/NutShell/fpga/board/pynq/build/myproject-pynq/myproject-pynq.runs/system_top_WuKong_0_0_synth_1/runme.log
[Wed Jun 10 07:45:37 2026] Launched synth_1...
Run output will be captured here: /home/lijinming/xiaohe-env/xs-env/NutShell/fpga/board/pynq/build/myproject-pynq/myproject-pynq.runs/synth_1/runme.log
launch_runs: Time (s): cpu = 00:00:21 ; elapsed = 00:00:16 . Memory (MB): peak = 7762.684 ; gain = 0.000 ; free physical = 194497 ; free virtual = 219498
reset_run synth_1
reset_run system_top_WuKong_0_0_synth_1
update_module_reference system_top_WuKong_0_0
INFO: [IP_Flow 19-5107] Inferred bus interface 'io_master' of definition 'xilinx.com:interface:aximm:1.0' (from Xilinx Repository).
INFO: [IP_Flow 19-5107] Inferred bus interface 'io_mmio' of definition 'xilinx.com:interface:aximm:1.0' (from Xilinx Repository).
INFO: [IP_Flow 19-5107] Inferred bus interface 'reset' of definition 'xilinx.com:signal:reset:1.0' (from Xilinx Repository).
INFO: [IP_Flow 19-5107] Inferred bus interface 'clock' of definition 'xilinx.com:signal:clock:1.0' (from Xilinx Repository).
INFO: [IP_Flow 19-5107] Inferred bus interface 'io_interrupt' of definition 'xilinx.com:signal:interrupt:1.0' (from Xilinx Repository).
INFO: [IP_Flow 19-4728] Bus Interface 'io_interrupt': Added interface parameter 'SENSITIVITY' with value 'LEVEL_HIGH'.
INFO: [IP_Flow 19-4728] Bus Interface 'clock': Added interface parameter 'ASSOCIATED_BUSIF' with value 'io_master'.
INFO: [IP_Flow 19-4728] Bus Interface 'clock': Added interface parameter 'ASSOCIATED_RESET' with value 'reset'.
INFO: [IP_Flow 19-234] Refreshing IP repositories
INFO: [IP_Flow 19-1704] No user IP repositories specified
Upgrading '/home/lijinming/xiaohe-env/xs-env/NutShell/fpga/board/pynq/build/myproject-pynq/myproject-pynq.srcs/sources_1/bd/system_top/system_top.bd'
INFO: [IP_Flow 19-3420] Updated system_top_WuKong_0_0 to use current project options
WARNING: [BD 41-597] NET <processing_system7_0_IRQ_P2F_ENET0> has no source
WARNING: [BD 41-597] NET <processing_system7_0_IRQ_P2F_SDIO0> has no source
WARNING: [BD 41-597] NET <processing_system7_0_IRQ_P2F_UART1> has no source
Wrote  : </home/lijinming/xiaohe-env/xs-env/NutShell/fpga/board/pynq/build/myproject-pynq/myproject-pynq.srcs/sources_1/bd/system_top/system_top.bd> 
Wrote  : </home/lijinming/xiaohe-env/xs-env/NutShell/fpga/board/pynq/build/myproject-pynq/myproject-pynq.srcs/sources_1/bd/system_top/ui/bd_9edf8fa5.ui> 
Wrote  : </home/lijinming/xiaohe-env/xs-env/NutShell/fpga/board/pynq/build/myproject-pynq/myproject-pynq.srcs/sources_1/bd/system_top/ui/bd_b096ec45.ui> 
update_module_reference system_top_WuKong_0_0
INFO: [IP_Flow 19-5107] Inferred bus interface 'io_master' of definition 'xilinx.com:interface:aximm:1.0' (from Xilinx Repository).
INFO: [IP_Flow 19-5107] Inferred bus interface 'io_mmio' of definition 'xilinx.com:interface:aximm:1.0' (from Xilinx Repository).
INFO: [IP_Flow 19-5107] Inferred bus interface 'reset' of definition 'xilinx.com:signal:reset:1.0' (from Xilinx Repository).
INFO: [IP_Flow 19-5107] Inferred bus interface 'clock' of definition 'xilinx.com:signal:clock:1.0' (from Xilinx Repository).
INFO: [IP_Flow 19-5107] Inferred bus interface 'io_interrupt' of definition 'xilinx.com:signal:interrupt:1.0' (from Xilinx Repository).
INFO: [IP_Flow 19-4728] Bus Interface 'io_interrupt': Added interface parameter 'SENSITIVITY' with value 'LEVEL_HIGH'.
INFO: [IP_Flow 19-4728] Bus Interface 'clock': Added interface parameter 'ASSOCIATED_BUSIF' with value 'io_master'.
INFO: [IP_Flow 19-4728] Bus Interface 'clock': Added interface parameter 'ASSOCIATED_RESET' with value 'reset'.
INFO: [IP_Flow 19-234] Refreshing IP repositories
INFO: [IP_Flow 19-1704] No user IP repositories specified
Upgrading '/home/lijinming/xiaohe-env/xs-env/NutShell/fpga/board/pynq/build/myproject-pynq/myproject-pynq.srcs/sources_1/bd/system_top/system_top.bd'
INFO: [IP_Flow 19-3420] Updated system_top_WuKong_0_0 to use current project options
WARNING: [BD 41-597] NET <processing_system7_0_IRQ_P2F_ENET0> has no source
WARNING: [BD 41-597] NET <processing_system7_0_IRQ_P2F_SDIO0> has no source
WARNING: [BD 41-597] NET <processing_system7_0_IRQ_P2F_UART1> has no source
Wrote  : </home/lijinming/xiaohe-env/xs-env/NutShell/fpga/board/pynq/build/myproject-pynq/myproject-pynq.srcs/sources_1/bd/system_top/system_top.bd> 
Wrote  : </home/lijinming/xiaohe-env/xs-env/NutShell/fpga/board/pynq/build/myproject-pynq/myproject-pynq.srcs/sources_1/bd/system_top/ui/bd_9edf8fa5.ui> 
Wrote  : </home/lijinming/xiaohe-env/xs-env/NutShell/fpga/board/pynq/build/myproject-pynq/myproject-pynq.srcs/sources_1/bd/system_top/ui/bd_b096ec45.ui> 
launch_runs synth_1 -jobs 20
INFO: [xilinx.com:ip:c_shift_ram:12.0-913] /rv_system/c_shift_ram_0 Width has been set to manual on the GUI. It will not be updated during validation with a propagated value.
INFO: [xilinx.com:ip:c_shift_ram:12.0-913] /rv_system/c_shift_ram_0 Width has been set to manual on the GUI. It will not be updated during validation with a propagated value.
INFO: [xilinx.com:ip:c_shift_ram:12.0-913] /rv_system/c_shift_ram_1 Width has been set to manual on the GUI. It will not be updated during validation with a propagated value.
INFO: [xilinx.com:ip:c_shift_ram:12.0-913] /rv_system/c_shift_ram_1 Width has been set to manual on the GUI. It will not be updated during validation with a propagated value.
WARNING: [BD 41-927] Following properties on pin /rv_system/WuKong_0/clock have been updated from connected ip. They may not be synchronized with cell properties. You can set property on pin directly to confirm the value and resolve the warning.
	CLK_DOMAIN=/hier_clkrst/clk_wiz_0_clk_out1 
CRITICAL WARNING: [BD 41-759] The input pins (listed below) are either not connected or do not have a source port, and they don't have a tie-off specified. These pins are tied-off to all 0's to avoid error in Implementation flow.
Please check your design and connect them as needed: 
/rv_system/WuKong_0/io_interrupt
/xlconcat_0/In0
/xlconcat_0/In1
/xlconcat_0/In2

WARNING: [BD 41-597] NET <processing_system7_0_IRQ_P2F_ENET0> has no source
WARNING: [BD 41-597] NET <processing_system7_0_IRQ_P2F_SDIO0> has no source
WARNING: [BD 41-597] NET <processing_system7_0_IRQ_P2F_UART1> has no source
Wrote  : </home/lijinming/xiaohe-env/xs-env/NutShell/fpga/board/pynq/build/myproject-pynq/myproject-pynq.srcs/sources_1/bd/system_top/system_top.bd> 
Wrote  : </home/lijinming/xiaohe-env/xs-env/NutShell/fpga/board/pynq/build/myproject-pynq/myproject-pynq.srcs/sources_1/bd/system_top/ui/bd_9edf8fa5.ui> 
Wrote  : </home/lijinming/xiaohe-env/xs-env/NutShell/fpga/board/pynq/build/myproject-pynq/myproject-pynq.srcs/sources_1/bd/system_top/ui/bd_b096ec45.ui> 
WARNING: [BD 41-235] Width mismatch when connecting pin: '/axi_interconnect_0/s00_couplers/auto_pc/m_axi_bid'(4) to net 'auto_pc_to_s00_couplers_BID'(6) - Only lower order bits will be connected.
WARNING: [BD 41-235] Width mismatch when connecting pin: '/axi_interconnect_0/s00_couplers/auto_pc/m_axi_rid'(4) to net 'auto_pc_to_s00_couplers_RID'(6) - Only lower order bits will be connected.
WARNING: [BD 41-235] Width mismatch when connecting pin: '/processing_system7_0/S_AXI_HP0_AWID'(6) to net 'axi_interconnect_0_M00_AXI_AWID'(4) - Only lower order bits will be connected.
WARNING: [BD 41-235] Width mismatch when connecting pin: '/processing_system7_0/S_AXI_HP0_WID'(6) to net 'axi_interconnect_0_M00_AXI_WID'(4) - Only lower order bits will be connected.
WARNING: [BD 41-235] Width mismatch when connecting pin: '/processing_system7_0/S_AXI_HP0_ARID'(6) to net 'axi_interconnect_0_M00_AXI_ARID'(4) - Only lower order bits will be connected.
WARNING: [BD 41-166] Source port for the net:processing_system7_0_IRQ_P2F_ENET0 is NULL! Connection will be grounded!
WARNING: [BD 41-166] Source port for the net:processing_system7_0_IRQ_P2F_SDIO0 is NULL! Connection will be grounded!
WARNING: [BD 41-166] Source port for the net:processing_system7_0_IRQ_P2F_UART1 is NULL! Connection will be grounded!
VHDL Output written to : /home/lijinming/xiaohe-env/xs-env/NutShell/fpga/board/pynq/build/myproject-pynq/myproject-pynq.srcs/sources_1/bd/system_top/synth/system_top.v
WARNING: [BD 41-235] Width mismatch when connecting pin: '/axi_interconnect_0/s00_couplers/auto_pc/m_axi_bid'(4) to net 'auto_pc_to_s00_couplers_BID'(6) - Only lower order bits will be connected.
WARNING: [BD 41-235] Width mismatch when connecting pin: '/axi_interconnect_0/s00_couplers/auto_pc/m_axi_rid'(4) to net 'auto_pc_to_s00_couplers_RID'(6) - Only lower order bits will be connected.
WARNING: [BD 41-235] Width mismatch when connecting pin: '/processing_system7_0/S_AXI_HP0_AWID'(6) to net 'axi_interconnect_0_M00_AXI_AWID'(4) - Only lower order bits will be connected.
WARNING: [BD 41-235] Width mismatch when connecting pin: '/processing_system7_0/S_AXI_HP0_WID'(6) to net 'axi_interconnect_0_M00_AXI_WID'(4) - Only lower order bits will be connected.
WARNING: [BD 41-235] Width mismatch when connecting pin: '/processing_system7_0/S_AXI_HP0_ARID'(6) to net 'axi_interconnect_0_M00_AXI_ARID'(4) - Only lower order bits will be connected.
WARNING: [BD 41-166] Source port for the net:processing_system7_0_IRQ_P2F_ENET0 is NULL! Connection will be grounded!
WARNING: [BD 41-166] Source port for the net:processing_system7_0_IRQ_P2F_SDIO0 is NULL! Connection will be grounded!
WARNING: [BD 41-166] Source port for the net:processing_system7_0_IRQ_P2F_UART1 is NULL! Connection will be grounded!
VHDL Output written to : /home/lijinming/xiaohe-env/xs-env/NutShell/fpga/board/pynq/build/myproject-pynq/myproject-pynq.srcs/sources_1/bd/system_top/sim/system_top.v
VHDL Output written to : /home/lijinming/xiaohe-env/xs-env/NutShell/fpga/board/pynq/build/myproject-pynq/myproject-pynq.srcs/sources_1/bd/system_top/hdl/system_top_wrapper.v
Wrote  : </home/lijinming/xiaohe-env/xs-env/NutShell/fpga/board/pynq/build/myproject-pynq/myproject-pynq.srcs/sources_1/bd/system_top/ui/bd_9edf8fa5.ui> 
Wrote  : </home/lijinming/xiaohe-env/xs-env/NutShell/fpga/board/pynq/build/myproject-pynq/myproject-pynq.srcs/sources_1/bd/system_top/ui/bd_b096ec45.ui> 
INFO: [BD 41-1029] Generation completed for the IP Integrator block axi_interconnect_1/xbar .
INFO: [BD 41-1029] Generation completed for the IP Integrator block hier_clkrst/axi_gpio_0 .
INFO: [BD 41-1029] Generation completed for the IP Integrator block hier_clkrst/clk_wiz_0 .
INFO: [BD 41-1029] Generation completed for the IP Integrator block hier_clkrst/uncorerst .
INFO: [BD 41-1029] Generation completed for the IP Integrator block processing_system7_0 .
INFO: [BD 41-1029] Generation completed for the IP Integrator block rv_system/WuKong_0 .
INFO: [BD 41-1029] Generation completed for the IP Integrator block rv_system/axi_protocol_convert_0 .
INFO: [BD 41-1029] Generation completed for the IP Integrator block rv_system/axi_protocol_convert_1 .
INFO: [BD 41-1029] Generation completed for the IP Integrator block rv_system/c_shift_ram_0 .
INFO: [BD 41-1029] Generation completed for the IP Integrator block rv_system/c_shift_ram_1 .
INFO: [BD 41-1029] Generation completed for the IP Integrator block rv_system/util_vector_logic_0 .
INFO: [BD 41-1029] Generation completed for the IP Integrator block xlconcat_0 .
WARNING: [IP_Flow 19-4994] Overwriting existing constraint file '/home/lijinming/xiaohe-env/xs-env/NutShell/fpga/board/pynq/build/myproject-pynq/myproject-pynq.srcs/sources_1/bd/system_top/ip/system_top_auto_cc_0/system_top_auto_cc_0_ooc.xdc'
INFO: [BD 41-1029] Generation completed for the IP Integrator block axi_interconnect_0/s00_couplers/auto_cc .
WARNING: [IP_Flow 19-4994] Overwriting existing constraint file '/home/lijinming/xiaohe-env/xs-env/NutShell/fpga/board/pynq/build/myproject-pynq/myproject-pynq.srcs/sources_1/bd/system_top/ip/system_top_auto_pc_0/system_top_auto_pc_0_ooc.xdc'
INFO: [BD 41-1029] Generation completed for the IP Integrator block axi_interconnect_0/s00_couplers/auto_pc .
WARNING: [IP_Flow 19-4994] Overwriting existing constraint file '/home/lijinming/xiaohe-env/xs-env/NutShell/fpga/board/pynq/build/myproject-pynq/myproject-pynq.srcs/sources_1/bd/system_top/ip/system_top_auto_pc_2/system_top_auto_pc_2_ooc.xdc'
INFO: [BD 41-1029] Generation completed for the IP Integrator block axi_interconnect_1/s00_couplers/auto_pc .
WARNING: [IP_Flow 19-4994] Overwriting existing constraint file '/home/lijinming/xiaohe-env/xs-env/NutShell/fpga/board/pynq/build/myproject-pynq/myproject-pynq.srcs/sources_1/bd/system_top/ip/system_top_auto_pc_1/system_top_auto_pc_1_ooc.xdc'
INFO: [BD 41-1029] Generation completed for the IP Integrator block axi_interconnect_1/m00_couplers/auto_pc .
WARNING: [IP_Flow 19-4994] Overwriting existing constraint file '/home/lijinming/xiaohe-env/xs-env/NutShell/fpga/board/pynq/build/myproject-pynq/myproject-pynq.srcs/sources_1/bd/system_top/ip/system_top_auto_cc_1/system_top_auto_cc_1_ooc.xdc'
INFO: [BD 41-1029] Generation completed for the IP Integrator block axi_interconnect_2/s00_couplers/auto_cc .
WARNING: [IP_Flow 19-4994] Overwriting existing constraint file '/home/lijinming/xiaohe-env/xs-env/NutShell/fpga/board/pynq/build/myproject-pynq/myproject-pynq.srcs/sources_1/bd/system_top/ip/system_top_auto_ds_0/system_top_auto_ds_0_ooc.xdc'
INFO: [BD 41-1029] Generation completed for the IP Integrator block axi_interconnect_2/s00_couplers/auto_ds .
WARNING: [IP_Flow 19-4994] Overwriting existing constraint file '/home/lijinming/xiaohe-env/xs-env/NutShell/fpga/board/pynq/build/myproject-pynq/myproject-pynq.srcs/sources_1/bd/system_top/ip/system_top_auto_pc_3/system_top_auto_pc_3_ooc.xdc'
INFO: [BD 41-1029] Generation completed for the IP Integrator block axi_interconnect_2/s00_couplers/auto_pc .
Exporting to file /home/lijinming/xiaohe-env/xs-env/NutShell/fpga/board/pynq/build/myproject-pynq/myproject-pynq.srcs/sources_1/bd/system_top/hw_handoff/system_top.hwh
Generated Block Design Tcl file /home/lijinming/xiaohe-env/xs-env/NutShell/fpga/board/pynq/build/myproject-pynq/myproject-pynq.srcs/sources_1/bd/system_top/hw_handoff/system_top_bd.tcl
Generated Hardware Definition File /home/lijinming/xiaohe-env/xs-env/NutShell/fpga/board/pynq/build/myproject-pynq/myproject-pynq.srcs/sources_1/bd/system_top/synth/system_top.hwdef
INFO: [IP_Flow 19-4993] Using cached IP synthesis design for IP system_top_auto_cc_0, cache-ID = d8872cef721071b5; cache size = 12.102 MB.
INFO: [IP_Flow 19-4993] Using cached IP synthesis design for IP system_top_auto_cc_1, cache-ID = d8872cef721071b5; cache size = 12.102 MB.
INFO: [IP_Flow 19-4993] Using cached IP synthesis design for IP system_top_auto_ds_0, cache-ID = 041646f20ee284ce; cache size = 12.102 MB.
INFO: [IP_Flow 19-4993] Using cached IP synthesis design for IP system_top_auto_pc_0, cache-ID = 376ed15baafd35a5; cache size = 12.102 MB.
INFO: [IP_Flow 19-4993] Using cached IP synthesis design for IP system_top_auto_pc_1, cache-ID = 568c5b57f5301974; cache size = 12.102 MB.
INFO: [IP_Flow 19-4993] Using cached IP synthesis design for IP system_top_auto_pc_2, cache-ID = 4ac82e73754102c5; cache size = 12.102 MB.
INFO: [IP_Flow 19-4993] Using cached IP synthesis design for IP system_top_auto_pc_3, cache-ID = aecc14e4a02c5dec; cache size = 12.102 MB.
CRITICAL WARNING: [HDL 9-806] Syntax error near "@". [/home/lijinming/xiaohe-env/xs-env/NutShell/src/test/vsrc/monitor.v:13]
[Wed Jun 10 08:03:35 2026] Launched system_top_WuKong_0_0_synth_1...
Run output will be captured here: /home/lijinming/xiaohe-env/xs-env/NutShell/fpga/board/pynq/build/myproject-pynq/myproject-pynq.runs/system_top_WuKong_0_0_synth_1/runme.log
[Wed Jun 10 08:03:35 2026] Launched synth_1...
Run output will be captured here: /home/lijinming/xiaohe-env/xs-env/NutShell/fpga/board/pynq/build/myproject-pynq/myproject-pynq.runs/synth_1/runme.log
launch_runs: Time (s): cpu = 00:00:30 ; elapsed = 00:00:15 . Memory (MB): peak = 7762.684 ; gain = 0.000 ; free physical = 194346 ; free virtual = 219348
open_run synth_1 -name synth_1
Design is defaulting to impl run constrset: constrs_1
Design is defaulting to synth run part: xc7z045ffg900-2
INFO: [Device 21-403] Loading part xc7z045ffg900-2
INFO: [Project 1-454] Reading design checkpoint '/home/lijinming/xiaohe-env/xs-env/NutShell/fpga/board/pynq/build/myproject-pynq/myproject-pynq.srcs/sources_1/bd/system_top/ip/system_top_processing_system7_0_0/system_top_processing_system7_0_0.dcp' for cell 'system_top_i/processing_system7_0'
INFO: [Project 1-454] Reading design checkpoint '/home/lijinming/xiaohe-env/xs-env/NutShell/fpga/board/pynq/build/myproject-pynq/myproject-pynq.srcs/sources_1/bd/system_top/ip/system_top_auto_cc_0/system_top_auto_cc_0.dcp' for cell 'system_top_i/axi_interconnect_0/s00_couplers/auto_cc'
INFO: [Project 1-454] Reading design checkpoint '/home/lijinming/xiaohe-env/xs-env/NutShell/fpga/board/pynq/build/myproject-pynq/myproject-pynq.srcs/sources_1/bd/system_top/ip/system_top_auto_pc_0/system_top_auto_pc_0.dcp' for cell 'system_top_i/axi_interconnect_0/s00_couplers/auto_pc'
INFO: [Project 1-454] Reading design checkpoint '/home/lijinming/xiaohe-env/xs-env/NutShell/fpga/board/pynq/build/myproject-pynq/myproject-pynq.srcs/sources_1/bd/system_top/ip/system_top_xbar_0/system_top_xbar_0.dcp' for cell 'system_top_i/axi_interconnect_1/xbar'
INFO: [Project 1-454] Reading design checkpoint '/home/lijinming/xiaohe-env/xs-env/NutShell/fpga/board/pynq/build/myproject-pynq/myproject-pynq.srcs/sources_1/bd/system_top/ip/system_top_auto_pc_1/system_top_auto_pc_1.dcp' for cell 'system_top_i/axi_interconnect_1/m00_couplers/auto_pc'
INFO: [Project 1-454] Reading design checkpoint '/home/lijinming/xiaohe-env/xs-env/NutShell/fpga/board/pynq/build/myproject-pynq/myproject-pynq.srcs/sources_1/bd/system_top/ip/system_top_auto_pc_2/system_top_auto_pc_2.dcp' for cell 'system_top_i/axi_interconnect_1/s00_couplers/auto_pc'
INFO: [Project 1-454] Reading design checkpoint '/home/lijinming/xiaohe-env/xs-env/NutShell/fpga/board/pynq/build/myproject-pynq/myproject-pynq.srcs/sources_1/bd/system_top/ip/system_top_auto_cc_1/system_top_auto_cc_1.dcp' for cell 'system_top_i/axi_interconnect_2/s00_couplers/auto_cc'
INFO: [Project 1-454] Reading design checkpoint '/home/lijinming/xiaohe-env/xs-env/NutShell/fpga/board/pynq/build/myproject-pynq/myproject-pynq.srcs/sources_1/bd/system_top/ip/system_top_auto_ds_0/system_top_auto_ds_0.dcp' for cell 'system_top_i/axi_interconnect_2/s00_couplers/auto_ds'
INFO: [Project 1-454] Reading design checkpoint '/home/lijinming/xiaohe-env/xs-env/NutShell/fpga/board/pynq/build/myproject-pynq/myproject-pynq.srcs/sources_1/bd/system_top/ip/system_top_auto_pc_3/system_top_auto_pc_3.dcp' for cell 'system_top_i/axi_interconnect_2/s00_couplers/auto_pc'
INFO: [Project 1-454] Reading design checkpoint '/home/lijinming/xiaohe-env/xs-env/NutShell/fpga/board/pynq/build/myproject-pynq/myproject-pynq.srcs/sources_1/bd/system_top/ip/system_top_axi_gpio_0_0/system_top_axi_gpio_0_0.dcp' for cell 'system_top_i/hier_clkrst/axi_gpio_0'
INFO: [Project 1-454] Reading design checkpoint '/home/lijinming/xiaohe-env/xs-env/NutShell/fpga/board/pynq/build/myproject-pynq/myproject-pynq.srcs/sources_1/bd/system_top/ip/system_top_clk_wiz_0_0/system_top_clk_wiz_0_0.dcp' for cell 'system_top_i/hier_clkrst/clk_wiz_0'
INFO: [Project 1-454] Reading design checkpoint '/home/lijinming/xiaohe-env/xs-env/NutShell/fpga/board/pynq/build/myproject-pynq/myproject-pynq.srcs/sources_1/bd/system_top/ip/system_top_uncorerst_0/system_top_uncorerst_0.dcp' for cell 'system_top_i/hier_clkrst/uncorerst'
INFO: [Project 1-454] Reading design checkpoint '/home/lijinming/xiaohe-env/xs-env/NutShell/fpga/board/pynq/build/myproject-pynq/myproject-pynq.srcs/sources_1/bd/system_top/ip/system_top_WuKong_0_0/system_top_WuKong_0_0.dcp' for cell 'system_top_i/rv_system/WuKong_0'
INFO: [Project 1-454] Reading design checkpoint '/home/lijinming/xiaohe-env/xs-env/NutShell/fpga/board/pynq/build/myproject-pynq/myproject-pynq.srcs/sources_1/bd/system_top/ip/system_top_axi_protocol_convert_0_0/system_top_axi_protocol_convert_0_0.dcp' for cell 'system_top_i/rv_system/axi_protocol_convert_0'
INFO: [Project 1-454] Reading design checkpoint '/home/lijinming/xiaohe-env/xs-env/NutShell/fpga/board/pynq/build/myproject-pynq/myproject-pynq.srcs/sources_1/bd/system_top/ip/system_top_axi_protocol_convert_1_0/system_top_axi_protocol_convert_1_0.dcp' for cell 'system_top_i/rv_system/axi_protocol_convert_1'
INFO: [Project 1-454] Reading design checkpoint '/home/lijinming/xiaohe-env/xs-env/NutShell/fpga/board/pynq/build/myproject-pynq/myproject-pynq.srcs/sources_1/bd/system_top/ip/system_top_c_shift_ram_0_0/system_top_c_shift_ram_0_0.dcp' for cell 'system_top_i/rv_system/c_shift_ram_0'
INFO: [Project 1-454] Reading design checkpoint '/home/lijinming/xiaohe-env/xs-env/NutShell/fpga/board/pynq/build/myproject-pynq/myproject-pynq.srcs/sources_1/bd/system_top/ip/system_top_c_shift_ram_1_0/system_top_c_shift_ram_1_0.dcp' for cell 'system_top_i/rv_system/c_shift_ram_1'
INFO: [Project 1-454] Reading design checkpoint '/home/lijinming/xiaohe-env/xs-env/NutShell/fpga/board/pynq/build/myproject-pynq/myproject-pynq.srcs/sources_1/bd/system_top/ip/system_top_util_vector_logic_0_0/system_top_util_vector_logic_0_0.dcp' for cell 'system_top_i/rv_system/util_vector_logic_0'
INFO: [Netlist 29-17] Analyzing 9993 Unisim elements for replacement
INFO: [Netlist 29-28] Unisim Transformation completed in 0 CPU seconds
INFO: [Project 1-479] Netlist was created with Vivado 2019.1
INFO: [Project 1-570] Preparing netlist for logic optimization
WARNING: [Opt 31-32] Removing redundant IBUF since it is not being driven by a top-level port. system_top_i/hier_clkrst/clk_wiz_0/inst/clkin1_ibufg 
Resolution: The tool has removed redundant IBUF. To resolve this warning, check for redundant IBUF in the input design.
WARNING: [Constraints 18-550] Could not create 'IBUF_LOW_PWR' constraint because net 'system_top_i/hier_clkrst/clk_wiz_0/clk_in1' is not directly connected to top level port. Synthesis is ignored for IBUF_LOW_PWR but preserved for implementation.
Parsing XDC File [/home/lijinming/xiaohe-env/xs-env/NutShell/fpga/board/pynq/build/myproject-pynq/myproject-pynq.srcs/sources_1/bd/system_top/ip/system_top_axi_gpio_0_0/system_top_axi_gpio_0_0_board.xdc] for cell 'system_top_i/hier_clkrst/axi_gpio_0/U0'
Finished Parsing XDC File [/home/lijinming/xiaohe-env/xs-env/NutShell/fpga/board/pynq/build/myproject-pynq/myproject-pynq.srcs/sources_1/bd/system_top/ip/system_top_axi_gpio_0_0/system_top_axi_gpio_0_0_board.xdc] for cell 'system_top_i/hier_clkrst/axi_gpio_0/U0'
Parsing XDC File [/home/lijinming/xiaohe-env/xs-env/NutShell/fpga/board/pynq/build/myproject-pynq/myproject-pynq.srcs/sources_1/bd/system_top/ip/system_top_axi_gpio_0_0/system_top_axi_gpio_0_0.xdc] for cell 'system_top_i/hier_clkrst/axi_gpio_0/U0'
Finished Parsing XDC File [/home/lijinming/xiaohe-env/xs-env/NutShell/fpga/board/pynq/build/myproject-pynq/myproject-pynq.srcs/sources_1/bd/system_top/ip/system_top_axi_gpio_0_0/system_top_axi_gpio_0_0.xdc] for cell 'system_top_i/hier_clkrst/axi_gpio_0/U0'
Parsing XDC File [/home/lijinming/xiaohe-env/xs-env/NutShell/fpga/board/pynq/build/myproject-pynq/myproject-pynq.srcs/sources_1/bd/system_top/ip/system_top_clk_wiz_0_0/system_top_clk_wiz_0_0_board.xdc] for cell 'system_top_i/hier_clkrst/clk_wiz_0/inst'
Finished Parsing XDC File [/home/lijinming/xiaohe-env/xs-env/NutShell/fpga/board/pynq/build/myproject-pynq/myproject-pynq.srcs/sources_1/bd/system_top/ip/system_top_clk_wiz_0_0/system_top_clk_wiz_0_0_board.xdc] for cell 'system_top_i/hier_clkrst/clk_wiz_0/inst'
Parsing XDC File [/home/lijinming/xiaohe-env/xs-env/NutShell/fpga/board/pynq/build/myproject-pynq/myproject-pynq.srcs/sources_1/bd/system_top/ip/system_top_clk_wiz_0_0/system_top_clk_wiz_0_0.xdc] for cell 'system_top_i/hier_clkrst/clk_wiz_0/inst'
INFO: [Timing 38-35] Done setting XDC timing constraints. [/home/lijinming/xiaohe-env/xs-env/NutShell/fpga/board/pynq/build/myproject-pynq/myproject-pynq.srcs/sources_1/bd/system_top/ip/system_top_clk_wiz_0_0/system_top_clk_wiz_0_0.xdc:57]
INFO: [Timing 38-2] Deriving generated clocks [/home/lijinming/xiaohe-env/xs-env/NutShell/fpga/board/pynq/build/myproject-pynq/myproject-pynq.srcs/sources_1/bd/system_top/ip/system_top_clk_wiz_0_0/system_top_clk_wiz_0_0.xdc:57]
get_clocks: Time (s): cpu = 00:00:24 ; elapsed = 00:00:15 . Memory (MB): peak = 8673.355 ; gain = 673.848 ; free physical = 193054 ; free virtual = 218243
Finished Parsing XDC File [/home/lijinming/xiaohe-env/xs-env/NutShell/fpga/board/pynq/build/myproject-pynq/myproject-pynq.srcs/sources_1/bd/system_top/ip/system_top_clk_wiz_0_0/system_top_clk_wiz_0_0.xdc] for cell 'system_top_i/hier_clkrst/clk_wiz_0/inst'
Parsing XDC File [/home/lijinming/xiaohe-env/xs-env/NutShell/fpga/board/pynq/build/myproject-pynq/myproject-pynq.srcs/sources_1/bd/system_top/ip/system_top_uncorerst_0/system_top_uncorerst_0_board.xdc] for cell 'system_top_i/hier_clkrst/uncorerst/U0'
Finished Parsing XDC File [/home/lijinming/xiaohe-env/xs-env/NutShell/fpga/board/pynq/build/myproject-pynq/myproject-pynq.srcs/sources_1/bd/system_top/ip/system_top_uncorerst_0/system_top_uncorerst_0_board.xdc] for cell 'system_top_i/hier_clkrst/uncorerst/U0'
Parsing XDC File [/home/lijinming/xiaohe-env/xs-env/NutShell/fpga/board/pynq/build/myproject-pynq/myproject-pynq.srcs/sources_1/bd/system_top/ip/system_top_uncorerst_0/system_top_uncorerst_0.xdc] for cell 'system_top_i/hier_clkrst/uncorerst/U0'
Finished Parsing XDC File [/home/lijinming/xiaohe-env/xs-env/NutShell/fpga/board/pynq/build/myproject-pynq/myproject-pynq.srcs/sources_1/bd/system_top/ip/system_top_uncorerst_0/system_top_uncorerst_0.xdc] for cell 'system_top_i/hier_clkrst/uncorerst/U0'
Parsing XDC File [/home/lijinming/xiaohe-env/xs-env/NutShell/fpga/board/pynq/build/myproject-pynq/myproject-pynq.srcs/sources_1/bd/system_top/ip/system_top_processing_system7_0_0/system_top_processing_system7_0_0.xdc] for cell 'system_top_i/processing_system7_0/inst'
Finished Parsing XDC File [/home/lijinming/xiaohe-env/xs-env/NutShell/fpga/board/pynq/build/myproject-pynq/myproject-pynq.srcs/sources_1/bd/system_top/ip/system_top_processing_system7_0_0/system_top_processing_system7_0_0.xdc] for cell 'system_top_i/processing_system7_0/inst'
Parsing XDC File [/home/lijinming/xiaohe-env/xs-env/NutShell/fpga/board/pynq/build/myproject-pynq/myproject-pynq.srcs/constrs_1/new/aaaa.xdc]
Finished Parsing XDC File [/home/lijinming/xiaohe-env/xs-env/NutShell/fpga/board/pynq/build/myproject-pynq/myproject-pynq.srcs/constrs_1/new/aaaa.xdc]
Parsing XDC File [/home/lijinming/xiaohe-env/xs-env/NutShell/fpga/board/pynq/build/myproject-pynq/myproject-pynq.srcs/sources_1/bd/system_top/ip/system_top_auto_cc_0/system_top_auto_cc_0_clocks.xdc] for cell 'system_top_i/axi_interconnect_0/s00_couplers/auto_cc/inst'
Finished Parsing XDC File [/home/lijinming/xiaohe-env/xs-env/NutShell/fpga/board/pynq/build/myproject-pynq/myproject-pynq.srcs/sources_1/bd/system_top/ip/system_top_auto_cc_0/system_top_auto_cc_0_clocks.xdc] for cell 'system_top_i/axi_interconnect_0/s00_couplers/auto_cc/inst'
Parsing XDC File [/home/lijinming/xiaohe-env/xs-env/NutShell/fpga/board/pynq/build/myproject-pynq/myproject-pynq.srcs/sources_1/bd/system_top/ip/system_top_auto_cc_1/system_top_auto_cc_1_clocks.xdc] for cell 'system_top_i/axi_interconnect_2/s00_couplers/auto_cc/inst'
Finished Parsing XDC File [/home/lijinming/xiaohe-env/xs-env/NutShell/fpga/board/pynq/build/myproject-pynq/myproject-pynq.srcs/sources_1/bd/system_top/ip/system_top_auto_cc_1/system_top_auto_cc_1_clocks.xdc] for cell 'system_top_i/axi_interconnect_2/s00_couplers/auto_cc/inst'
Parsing XDC File [/home/lijinming/xiaohe-env/xs-env/NutShell/fpga/board/pynq/build/myproject-pynq/myproject-pynq.srcs/sources_1/bd/system_top/ip/system_top_auto_ds_0/system_top_auto_ds_0_clocks.xdc] for cell 'system_top_i/axi_interconnect_2/s00_couplers/auto_ds/inst'
Finished Parsing XDC File [/home/lijinming/xiaohe-env/xs-env/NutShell/fpga/board/pynq/build/myproject-pynq/myproject-pynq.srcs/sources_1/bd/system_top/ip/system_top_auto_ds_0/system_top_auto_ds_0_clocks.xdc] for cell 'system_top_i/axi_interconnect_2/s00_couplers/auto_ds/inst'
Sourcing Tcl File [/home/lijinming/vivado/Vivado/2019.1/data/ip/xpm/xpm_cdc/tcl/xpm_cdc_async_rst.tcl] for cell 'system_top_i/axi_interconnect_0/s00_couplers/auto_cc/inst/gen_clock_conv.gen_async_conv.asyncfifo_axi/inst_fifo_gen/gaxi_full_lite.gread_ch.grdch2.axi_rdch/grf.rf/rstblk/ngwrdrst.grst.g7serrst.gnsckt_wrst.gic_rst.rst_rd_reg2_inst'
Finished Sourcing Tcl File [/home/lijinming/vivado/Vivado/2019.1/data/ip/xpm/xpm_cdc/tcl/xpm_cdc_async_rst.tcl] for cell 'system_top_i/axi_interconnect_0/s00_couplers/auto_cc/inst/gen_clock_conv.gen_async_conv.asyncfifo_axi/inst_fifo_gen/gaxi_full_lite.gread_ch.grdch2.axi_rdch/grf.rf/rstblk/ngwrdrst.grst.g7serrst.gnsckt_wrst.gic_rst.rst_rd_reg2_inst'
Sourcing Tcl File [/home/lijinming/vivado/Vivado/2019.1/data/ip/xpm/xpm_cdc/tcl/xpm_cdc_async_rst.tcl] for cell 'system_top_i/axi_interconnect_0/s00_couplers/auto_cc/inst/gen_clock_conv.gen_async_conv.asyncfifo_axi/inst_fifo_gen/gaxi_full_lite.gwrite_ch.gwrch2.axi_wrch/grf.rf/rstblk/ngwrdrst.grst.g7serrst.gnsckt_wrst.gic_rst.rst_rd_reg2_inst'
Finished Sourcing Tcl File [/home/lijinming/vivado/Vivado/2019.1/data/ip/xpm/xpm_cdc/tcl/xpm_cdc_async_rst.tcl] for cell 'system_top_i/axi_interconnect_0/s00_couplers/auto_cc/inst/gen_clock_conv.gen_async_conv.asyncfifo_axi/inst_fifo_gen/gaxi_full_lite.gwrite_ch.gwrch2.axi_wrch/grf.rf/rstblk/ngwrdrst.grst.g7serrst.gnsckt_wrst.gic_rst.rst_rd_reg2_inst'
Sourcing Tcl File [/home/lijinming/vivado/Vivado/2019.1/data/ip/xpm/xpm_cdc/tcl/xpm_cdc_async_rst.tcl] for cell 'system_top_i/axi_interconnect_0/s00_couplers/auto_cc/inst/gen_clock_conv.gen_async_conv.asyncfifo_axi/inst_fifo_gen/gaxi_full_lite.gread_ch.grach2.axi_rach/grf.rf/rstblk/ngwrdrst.grst.g7serrst.gnsckt_wrst.rst_wr_reg2_inst'
Finished Sourcing Tcl File [/home/lijinming/vivado/Vivado/2019.1/data/ip/xpm/xpm_cdc/tcl/xpm_cdc_async_rst.tcl] for cell 'system_top_i/axi_interconnect_0/s00_couplers/auto_cc/inst/gen_clock_conv.gen_async_conv.asyncfifo_axi/inst_fifo_gen/gaxi_full_lite.gread_ch.grach2.axi_rach/grf.rf/rstblk/ngwrdrst.grst.g7serrst.gnsckt_wrst.rst_wr_reg2_inst'
Sourcing Tcl File [/home/lijinming/vivado/Vivado/2019.1/data/ip/xpm/xpm_cdc/tcl/xpm_cdc_async_rst.tcl] for cell 'system_top_i/axi_interconnect_0/s00_couplers/auto_cc/inst/gen_clock_conv.gen_async_conv.asyncfifo_axi/inst_fifo_gen/gaxi_full_lite.gread_ch.grach2.axi_rach/grf.rf/rstblk/ngwrdrst.grst.g7serrst.gnsckt_wrst.gic_rst.rst_rd_reg2_inst'
Finished Sourcing Tcl File [/home/lijinming/vivado/Vivado/2019.1/data/ip/xpm/xpm_cdc/tcl/xpm_cdc_async_rst.tcl] for cell 'system_top_i/axi_interconnect_0/s00_couplers/auto_cc/inst/gen_clock_conv.gen_async_conv.asyncfifo_axi/inst_fifo_gen/gaxi_full_lite.gread_ch.grach2.axi_rach/grf.rf/rstblk/ngwrdrst.grst.g7serrst.gnsckt_wrst.gic_rst.rst_rd_reg2_inst'
Sourcing Tcl File [/home/lijinming/vivado/Vivado/2019.1/data/ip/xpm/xpm_cdc/tcl/xpm_cdc_async_rst.tcl] for cell 'system_top_i/axi_interconnect_0/s00_couplers/auto_cc/inst/gen_clock_conv.gen_async_conv.asyncfifo_axi/inst_fifo_gen/gaxi_full_lite.gread_ch.grdch2.axi_rdch/grf.rf/rstblk/ngwrdrst.grst.g7serrst.gnsckt_wrst.rst_wr_reg2_inst'
Finished Sourcing Tcl File [/home/lijinming/vivado/Vivado/2019.1/data/ip/xpm/xpm_cdc/tcl/xpm_cdc_async_rst.tcl] for cell 'system_top_i/axi_interconnect_0/s00_couplers/auto_cc/inst/gen_clock_conv.gen_async_conv.asyncfifo_axi/inst_fifo_gen/gaxi_full_lite.gread_ch.grdch2.axi_rdch/grf.rf/rstblk/ngwrdrst.grst.g7serrst.gnsckt_wrst.rst_wr_reg2_inst'
Sourcing Tcl File [/home/lijinming/vivado/Vivado/2019.1/data/ip/xpm/xpm_cdc/tcl/xpm_cdc_async_rst.tcl] for cell 'system_top_i/axi_interconnect_0/s00_couplers/auto_cc/inst/gen_clock_conv.gen_async_conv.asyncfifo_axi/inst_fifo_gen/gaxi_full_lite.gwrite_ch.gwach2.axi_wach/grf.rf/rstblk/ngwrdrst.grst.g7serrst.gnsckt_wrst.rst_wr_reg2_inst'
Finished Sourcing Tcl File [/home/lijinming/vivado/Vivado/2019.1/data/ip/xpm/xpm_cdc/tcl/xpm_cdc_async_rst.tcl] for cell 'system_top_i/axi_interconnect_0/s00_couplers/auto_cc/inst/gen_clock_conv.gen_async_conv.asyncfifo_axi/inst_fifo_gen/gaxi_full_lite.gwrite_ch.gwach2.axi_wach/grf.rf/rstblk/ngwrdrst.grst.g7serrst.gnsckt_wrst.rst_wr_reg2_inst'
Sourcing Tcl File [/home/lijinming/vivado/Vivado/2019.1/data/ip/xpm/xpm_cdc/tcl/xpm_cdc_async_rst.tcl] for cell 'system_top_i/axi_interconnect_0/s00_couplers/auto_cc/inst/gen_clock_conv.gen_async_conv.asyncfifo_axi/inst_fifo_gen/gaxi_full_lite.gwrite_ch.gwach2.axi_wach/grf.rf/rstblk/ngwrdrst.grst.g7serrst.gnsckt_wrst.gic_rst.rst_rd_reg2_inst'
Finished Sourcing Tcl File [/home/lijinming/vivado/Vivado/2019.1/data/ip/xpm/xpm_cdc/tcl/xpm_cdc_async_rst.tcl] for cell 'system_top_i/axi_interconnect_0/s00_couplers/auto_cc/inst/gen_clock_conv.gen_async_conv.asyncfifo_axi/inst_fifo_gen/gaxi_full_lite.gwrite_ch.gwach2.axi_wach/grf.rf/rstblk/ngwrdrst.grst.g7serrst.gnsckt_wrst.gic_rst.rst_rd_reg2_inst'
Sourcing Tcl File [/home/lijinming/vivado/Vivado/2019.1/data/ip/xpm/xpm_cdc/tcl/xpm_cdc_async_rst.tcl] for cell 'system_top_i/axi_interconnect_0/s00_couplers/auto_cc/inst/gen_clock_conv.gen_async_conv.asyncfifo_axi/inst_fifo_gen/gaxi_full_lite.gwrite_ch.gwdch2.axi_wdch/grf.rf/rstblk/ngwrdrst.grst.g7serrst.gnsckt_wrst.rst_wr_reg2_inst'
Finished Sourcing Tcl File [/home/lijinming/vivado/Vivado/2019.1/data/ip/xpm/xpm_cdc/tcl/xpm_cdc_async_rst.tcl] for cell 'system_top_i/axi_interconnect_0/s00_couplers/auto_cc/inst/gen_clock_conv.gen_async_conv.asyncfifo_axi/inst_fifo_gen/gaxi_full_lite.gwrite_ch.gwdch2.axi_wdch/grf.rf/rstblk/ngwrdrst.grst.g7serrst.gnsckt_wrst.rst_wr_reg2_inst'
Sourcing Tcl File [/home/lijinming/vivado/Vivado/2019.1/data/ip/xpm/xpm_cdc/tcl/xpm_cdc_async_rst.tcl] for cell 'system_top_i/axi_interconnect_0/s00_couplers/auto_cc/inst/gen_clock_conv.gen_async_conv.asyncfifo_axi/inst_fifo_gen/gaxi_full_lite.gwrite_ch.gwdch2.axi_wdch/grf.rf/rstblk/ngwrdrst.grst.g7serrst.gnsckt_wrst.gic_rst.rst_rd_reg2_inst'
Finished Sourcing Tcl File [/home/lijinming/vivado/Vivado/2019.1/data/ip/xpm/xpm_cdc/tcl/xpm_cdc_async_rst.tcl] for cell 'system_top_i/axi_interconnect_0/s00_couplers/auto_cc/inst/gen_clock_conv.gen_async_conv.asyncfifo_axi/inst_fifo_gen/gaxi_full_lite.gwrite_ch.gwdch2.axi_wdch/grf.rf/rstblk/ngwrdrst.grst.g7serrst.gnsckt_wrst.gic_rst.rst_rd_reg2_inst'
Sourcing Tcl File [/home/lijinming/vivado/Vivado/2019.1/data/ip/xpm/xpm_cdc/tcl/xpm_cdc_async_rst.tcl] for cell 'system_top_i/axi_interconnect_0/s00_couplers/auto_cc/inst/gen_clock_conv.gen_async_conv.asyncfifo_axi/inst_fifo_gen/gaxi_full_lite.gwrite_ch.gwrch2.axi_wrch/grf.rf/rstblk/ngwrdrst.grst.g7serrst.gnsckt_wrst.rst_wr_reg2_inst'
Finished Sourcing Tcl File [/home/lijinming/vivado/Vivado/2019.1/data/ip/xpm/xpm_cdc/tcl/xpm_cdc_async_rst.tcl] for cell 'system_top_i/axi_interconnect_0/s00_couplers/auto_cc/inst/gen_clock_conv.gen_async_conv.asyncfifo_axi/inst_fifo_gen/gaxi_full_lite.gwrite_ch.gwrch2.axi_wrch/grf.rf/rstblk/ngwrdrst.grst.g7serrst.gnsckt_wrst.rst_wr_reg2_inst'
Sourcing Tcl File [/home/lijinming/vivado/Vivado/2019.1/data/ip/xpm/xpm_cdc/tcl/xpm_cdc_async_rst.tcl] for cell 'system_top_i/axi_interconnect_2/s00_couplers/auto_cc/inst/gen_clock_conv.gen_async_conv.asyncfifo_axi/inst_fifo_gen/gaxi_full_lite.gread_ch.grdch2.axi_rdch/grf.rf/rstblk/ngwrdrst.grst.g7serrst.gnsckt_wrst.gic_rst.rst_rd_reg2_inst'
Finished Sourcing Tcl File [/home/lijinming/vivado/Vivado/2019.1/data/ip/xpm/xpm_cdc/tcl/xpm_cdc_async_rst.tcl] for cell 'system_top_i/axi_interconnect_2/s00_couplers/auto_cc/inst/gen_clock_conv.gen_async_conv.asyncfifo_axi/inst_fifo_gen/gaxi_full_lite.gread_ch.grdch2.axi_rdch/grf.rf/rstblk/ngwrdrst.grst.g7serrst.gnsckt_wrst.gic_rst.rst_rd_reg2_inst'
Sourcing Tcl File [/home/lijinming/vivado/Vivado/2019.1/data/ip/xpm/xpm_cdc/tcl/xpm_cdc_async_rst.tcl] for cell 'system_top_i/axi_interconnect_2/s00_couplers/auto_cc/inst/gen_clock_conv.gen_async_conv.asyncfifo_axi/inst_fifo_gen/gaxi_full_lite.gwrite_ch.gwrch2.axi_wrch/grf.rf/rstblk/ngwrdrst.grst.g7serrst.gnsckt_wrst.gic_rst.rst_rd_reg2_inst'
Finished Sourcing Tcl File [/home/lijinming/vivado/Vivado/2019.1/data/ip/xpm/xpm_cdc/tcl/xpm_cdc_async_rst.tcl] for cell 'system_top_i/axi_interconnect_2/s00_couplers/auto_cc/inst/gen_clock_conv.gen_async_conv.asyncfifo_axi/inst_fifo_gen/gaxi_full_lite.gwrite_ch.gwrch2.axi_wrch/grf.rf/rstblk/ngwrdrst.grst.g7serrst.gnsckt_wrst.gic_rst.rst_rd_reg2_inst'
Sourcing Tcl File [/home/lijinming/vivado/Vivado/2019.1/data/ip/xpm/xpm_cdc/tcl/xpm_cdc_async_rst.tcl] for cell 'system_top_i/axi_interconnect_2/s00_couplers/auto_cc/inst/gen_clock_conv.gen_async_conv.asyncfifo_axi/inst_fifo_gen/gaxi_full_lite.gread_ch.grach2.axi_rach/grf.rf/rstblk/ngwrdrst.grst.g7serrst.gnsckt_wrst.rst_wr_reg2_inst'
Finished Sourcing Tcl File [/home/lijinming/vivado/Vivado/2019.1/data/ip/xpm/xpm_cdc/tcl/xpm_cdc_async_rst.tcl] for cell 'system_top_i/axi_interconnect_2/s00_couplers/auto_cc/inst/gen_clock_conv.gen_async_conv.asyncfifo_axi/inst_fifo_gen/gaxi_full_lite.gread_ch.grach2.axi_rach/grf.rf/rstblk/ngwrdrst.grst.g7serrst.gnsckt_wrst.rst_wr_reg2_inst'
Sourcing Tcl File [/home/lijinming/vivado/Vivado/2019.1/data/ip/xpm/xpm_cdc/tcl/xpm_cdc_async_rst.tcl] for cell 'system_top_i/axi_interconnect_2/s00_couplers/auto_cc/inst/gen_clock_conv.gen_async_conv.asyncfifo_axi/inst_fifo_gen/gaxi_full_lite.gread_ch.grach2.axi_rach/grf.rf/rstblk/ngwrdrst.grst.g7serrst.gnsckt_wrst.gic_rst.rst_rd_reg2_inst'
Finished Sourcing Tcl File [/home/lijinming/vivado/Vivado/2019.1/data/ip/xpm/xpm_cdc/tcl/xpm_cdc_async_rst.tcl] for cell 'system_top_i/axi_interconnect_2/s00_couplers/auto_cc/inst/gen_clock_conv.gen_async_conv.asyncfifo_axi/inst_fifo_gen/gaxi_full_lite.gread_ch.grach2.axi_rach/grf.rf/rstblk/ngwrdrst.grst.g7serrst.gnsckt_wrst.gic_rst.rst_rd_reg2_inst'
Sourcing Tcl File [/home/lijinming/vivado/Vivado/2019.1/data/ip/xpm/xpm_cdc/tcl/xpm_cdc_async_rst.tcl] for cell 'system_top_i/axi_interconnect_2/s00_couplers/auto_cc/inst/gen_clock_conv.gen_async_conv.asyncfifo_axi/inst_fifo_gen/gaxi_full_lite.gread_ch.grdch2.axi_rdch/grf.rf/rstblk/ngwrdrst.grst.g7serrst.gnsckt_wrst.rst_wr_reg2_inst'
Finished Sourcing Tcl File [/home/lijinming/vivado/Vivado/2019.1/data/ip/xpm/xpm_cdc/tcl/xpm_cdc_async_rst.tcl] for cell 'system_top_i/axi_interconnect_2/s00_couplers/auto_cc/inst/gen_clock_conv.gen_async_conv.asyncfifo_axi/inst_fifo_gen/gaxi_full_lite.gread_ch.grdch2.axi_rdch/grf.rf/rstblk/ngwrdrst.grst.g7serrst.gnsckt_wrst.rst_wr_reg2_inst'
Sourcing Tcl File [/home/lijinming/vivado/Vivado/2019.1/data/ip/xpm/xpm_cdc/tcl/xpm_cdc_async_rst.tcl] for cell 'system_top_i/axi_interconnect_2/s00_couplers/auto_cc/inst/gen_clock_conv.gen_async_conv.asyncfifo_axi/inst_fifo_gen/gaxi_full_lite.gwrite_ch.gwach2.axi_wach/grf.rf/rstblk/ngwrdrst.grst.g7serrst.gnsckt_wrst.rst_wr_reg2_inst'
Finished Sourcing Tcl File [/home/lijinming/vivado/Vivado/2019.1/data/ip/xpm/xpm_cdc/tcl/xpm_cdc_async_rst.tcl] for cell 'system_top_i/axi_interconnect_2/s00_couplers/auto_cc/inst/gen_clock_conv.gen_async_conv.asyncfifo_axi/inst_fifo_gen/gaxi_full_lite.gwrite_ch.gwach2.axi_wach/grf.rf/rstblk/ngwrdrst.grst.g7serrst.gnsckt_wrst.rst_wr_reg2_inst'
Sourcing Tcl File [/home/lijinming/vivado/Vivado/2019.1/data/ip/xpm/xpm_cdc/tcl/xpm_cdc_async_rst.tcl] for cell 'system_top_i/axi_interconnect_2/s00_couplers/auto_cc/inst/gen_clock_conv.gen_async_conv.asyncfifo_axi/inst_fifo_gen/gaxi_full_lite.gwrite_ch.gwach2.axi_wach/grf.rf/rstblk/ngwrdrst.grst.g7serrst.gnsckt_wrst.gic_rst.rst_rd_reg2_inst'
Finished Sourcing Tcl File [/home/lijinming/vivado/Vivado/2019.1/data/ip/xpm/xpm_cdc/tcl/xpm_cdc_async_rst.tcl] for cell 'system_top_i/axi_interconnect_2/s00_couplers/auto_cc/inst/gen_clock_conv.gen_async_conv.asyncfifo_axi/inst_fifo_gen/gaxi_full_lite.gwrite_ch.gwach2.axi_wach/grf.rf/rstblk/ngwrdrst.grst.g7serrst.gnsckt_wrst.gic_rst.rst_rd_reg2_inst'
Sourcing Tcl File [/home/lijinming/vivado/Vivado/2019.1/data/ip/xpm/xpm_cdc/tcl/xpm_cdc_async_rst.tcl] for cell 'system_top_i/axi_interconnect_2/s00_couplers/auto_cc/inst/gen_clock_conv.gen_async_conv.asyncfifo_axi/inst_fifo_gen/gaxi_full_lite.gwrite_ch.gwdch2.axi_wdch/grf.rf/rstblk/ngwrdrst.grst.g7serrst.gnsckt_wrst.rst_wr_reg2_inst'
Finished Sourcing Tcl File [/home/lijinming/vivado/Vivado/2019.1/data/ip/xpm/xpm_cdc/tcl/xpm_cdc_async_rst.tcl] for cell 'system_top_i/axi_interconnect_2/s00_couplers/auto_cc/inst/gen_clock_conv.gen_async_conv.asyncfifo_axi/inst_fifo_gen/gaxi_full_lite.gwrite_ch.gwdch2.axi_wdch/grf.rf/rstblk/ngwrdrst.grst.g7serrst.gnsckt_wrst.rst_wr_reg2_inst'
Sourcing Tcl File [/home/lijinming/vivado/Vivado/2019.1/data/ip/xpm/xpm_cdc/tcl/xpm_cdc_async_rst.tcl] for cell 'system_top_i/axi_interconnect_2/s00_couplers/auto_cc/inst/gen_clock_conv.gen_async_conv.asyncfifo_axi/inst_fifo_gen/gaxi_full_lite.gwrite_ch.gwdch2.axi_wdch/grf.rf/rstblk/ngwrdrst.grst.g7serrst.gnsckt_wrst.gic_rst.rst_rd_reg2_inst'
Finished Sourcing Tcl File [/home/lijinming/vivado/Vivado/2019.1/data/ip/xpm/xpm_cdc/tcl/xpm_cdc_async_rst.tcl] for cell 'system_top_i/axi_interconnect_2/s00_couplers/auto_cc/inst/gen_clock_conv.gen_async_conv.asyncfifo_axi/inst_fifo_gen/gaxi_full_lite.gwrite_ch.gwdch2.axi_wdch/grf.rf/rstblk/ngwrdrst.grst.g7serrst.gnsckt_wrst.gic_rst.rst_rd_reg2_inst'
Sourcing Tcl File [/home/lijinming/vivado/Vivado/2019.1/data/ip/xpm/xpm_cdc/tcl/xpm_cdc_async_rst.tcl] for cell 'system_top_i/axi_interconnect_2/s00_couplers/auto_cc/inst/gen_clock_conv.gen_async_conv.asyncfifo_axi/inst_fifo_gen/gaxi_full_lite.gwrite_ch.gwrch2.axi_wrch/grf.rf/rstblk/ngwrdrst.grst.g7serrst.gnsckt_wrst.rst_wr_reg2_inst'
Finished Sourcing Tcl File [/home/lijinming/vivado/Vivado/2019.1/data/ip/xpm/xpm_cdc/tcl/xpm_cdc_async_rst.tcl] for cell 'system_top_i/axi_interconnect_2/s00_couplers/auto_cc/inst/gen_clock_conv.gen_async_conv.asyncfifo_axi/inst_fifo_gen/gaxi_full_lite.gwrite_ch.gwrch2.axi_wrch/grf.rf/rstblk/ngwrdrst.grst.g7serrst.gnsckt_wrst.rst_wr_reg2_inst'
Sourcing Tcl File [/home/lijinming/vivado/Vivado/2019.1/data/ip/xpm/xpm_cdc/tcl/xpm_cdc_async_rst.tcl] for cell 'system_top_i/axi_interconnect_2/s00_couplers/auto_ds/inst/gen_downsizer.gen_cascaded_downsizer.first_downsizer_inst/USE_READ.read_addr_inst/cmd_queue/inst/fifo_gen_inst/inst_fifo_gen/gconvfifo.rf/grf.rf/rstblk/ngwrdrst.grst.g7serrst.gnsckt_wrst.rst_wr_reg2_inst'
Finished Sourcing Tcl File [/home/lijinming/vivado/Vivado/2019.1/data/ip/xpm/xpm_cdc/tcl/xpm_cdc_async_rst.tcl] for cell 'system_top_i/axi_interconnect_2/s00_couplers/auto_ds/inst/gen_downsizer.gen_cascaded_downsizer.first_downsizer_inst/USE_READ.read_addr_inst/cmd_queue/inst/fifo_gen_inst/inst_fifo_gen/gconvfifo.rf/grf.rf/rstblk/ngwrdrst.grst.g7serrst.gnsckt_wrst.rst_wr_reg2_inst'
Sourcing Tcl File [/home/lijinming/vivado/Vivado/2019.1/data/ip/xpm/xpm_cdc/tcl/xpm_cdc_async_rst.tcl] for cell 'system_top_i/axi_interconnect_2/s00_couplers/auto_ds/inst/gen_downsizer.gen_cascaded_downsizer.first_downsizer_inst/USE_WRITE.write_addr_inst/cmd_queue/inst/fifo_gen_inst/inst_fifo_gen/gconvfifo.rf/grf.rf/rstblk/ngwrdrst.grst.g7serrst.gnsckt_wrst.rst_wr_reg2_inst'
Finished Sourcing Tcl File [/home/lijinming/vivado/Vivado/2019.1/data/ip/xpm/xpm_cdc/tcl/xpm_cdc_async_rst.tcl] for cell 'system_top_i/axi_interconnect_2/s00_couplers/auto_ds/inst/gen_downsizer.gen_cascaded_downsizer.first_downsizer_inst/USE_WRITE.write_addr_inst/cmd_queue/inst/fifo_gen_inst/inst_fifo_gen/gconvfifo.rf/grf.rf/rstblk/ngwrdrst.grst.g7serrst.gnsckt_wrst.rst_wr_reg2_inst'
Sourcing Tcl File [/home/lijinming/vivado/Vivado/2019.1/data/ip/xpm/xpm_cdc/tcl/xpm_cdc_async_rst.tcl] for cell 'system_top_i/axi_interconnect_2/s00_couplers/auto_ds/inst/gen_downsizer.gen_cascaded_downsizer.gen_axi3_conv.axi3_conv_inst/gen_axi4_axi3.axi3_conv_inst/USE_WRITE.write_addr_inst/USE_BURSTS.cmd_queue/inst/fifo_gen_inst/inst_fifo_gen/gconvfifo.rf/grf.rf/rstblk/ngwrdrst.grst.g7serrst.gnsckt_wrst.rst_wr_reg2_inst'
Finished Sourcing Tcl File [/home/lijinming/vivado/Vivado/2019.1/data/ip/xpm/xpm_cdc/tcl/xpm_cdc_async_rst.tcl] for cell 'system_top_i/axi_interconnect_2/s00_couplers/auto_ds/inst/gen_downsizer.gen_cascaded_downsizer.gen_axi3_conv.axi3_conv_inst/gen_axi4_axi3.axi3_conv_inst/USE_WRITE.write_addr_inst/USE_BURSTS.cmd_queue/inst/fifo_gen_inst/inst_fifo_gen/gconvfifo.rf/grf.rf/rstblk/ngwrdrst.grst.g7serrst.gnsckt_wrst.rst_wr_reg2_inst'
Sourcing Tcl File [/home/lijinming/vivado/Vivado/2019.1/data/ip/xpm/xpm_cdc/tcl/xpm_cdc_async_rst.tcl] for cell 'system_top_i/axi_interconnect_2/s00_couplers/auto_ds/inst/gen_downsizer.gen_cascaded_downsizer.gen_axi3_conv.axi3_conv_inst/gen_axi4_axi3.axi3_conv_inst/USE_WRITE.write_addr_inst/USE_B_CHANNEL.cmd_b_queue/inst/fifo_gen_inst/inst_fifo_gen/gconvfifo.rf/grf.rf/rstblk/ngwrdrst.grst.g7serrst.gnsckt_wrst.rst_wr_reg2_inst'
Finished Sourcing Tcl File [/home/lijinming/vivado/Vivado/2019.1/data/ip/xpm/xpm_cdc/tcl/xpm_cdc_async_rst.tcl] for cell 'system_top_i/axi_interconnect_2/s00_couplers/auto_ds/inst/gen_downsizer.gen_cascaded_downsizer.gen_axi3_conv.axi3_conv_inst/gen_axi4_axi3.axi3_conv_inst/USE_WRITE.write_addr_inst/USE_B_CHANNEL.cmd_b_queue/inst/fifo_gen_inst/inst_fifo_gen/gconvfifo.rf/grf.rf/rstblk/ngwrdrst.grst.g7serrst.gnsckt_wrst.rst_wr_reg2_inst'
Sourcing Tcl File [/home/lijinming/vivado/Vivado/2019.1/data/ip/xpm/xpm_cdc/tcl/xpm_cdc_async_rst.tcl] for cell 'system_top_i/axi_interconnect_2/s00_couplers/auto_ds/inst/gen_downsizer.gen_cascaded_downsizer.gen_axi3_conv.axi3_conv_inst/gen_axi4_axi3.axi3_conv_inst/USE_READ.USE_SPLIT_R.read_addr_inst/USE_R_CHANNEL.cmd_queue/inst/fifo_gen_inst/inst_fifo_gen/gconvfifo.rf/grf.rf/rstblk/ngwrdrst.grst.g7serrst.gnsckt_wrst.rst_wr_reg2_inst'
Finished Sourcing Tcl File [/home/lijinming/vivado/Vivado/2019.1/data/ip/xpm/xpm_cdc/tcl/xpm_cdc_async_rst.tcl] for cell 'system_top_i/axi_interconnect_2/s00_couplers/auto_ds/inst/gen_downsizer.gen_cascaded_downsizer.gen_axi3_conv.axi3_conv_inst/gen_axi4_axi3.axi3_conv_inst/USE_READ.USE_SPLIT_R.read_addr_inst/USE_R_CHANNEL.cmd_queue/inst/fifo_gen_inst/inst_fifo_gen/gconvfifo.rf/grf.rf/rstblk/ngwrdrst.grst.g7serrst.gnsckt_wrst.rst_wr_reg2_inst'
Sourcing Tcl File [/home/lijinming/vivado/Vivado/2019.1/data/ip/xpm/xpm_cdc/tcl/xpm_cdc_async_rst.tcl] for cell 'system_top_i/axi_interconnect_2/s00_couplers/auto_ds/inst/gen_downsizer.gen_cascaded_downsizer.first_downsizer_inst/USE_WRITE.write_addr_inst/USE_B_CHANNEL.cmd_b_queue/inst/fifo_gen_inst/inst_fifo_gen/gconvfifo.rf/grf.rf/rstblk/ngwrdrst.grst.g7serrst.gnsckt_wrst.rst_wr_reg2_inst'
Finished Sourcing Tcl File [/home/lijinming/vivado/Vivado/2019.1/data/ip/xpm/xpm_cdc/tcl/xpm_cdc_async_rst.tcl] for cell 'system_top_i/axi_interconnect_2/s00_couplers/auto_ds/inst/gen_downsizer.gen_cascaded_downsizer.first_downsizer_inst/USE_WRITE.write_addr_inst/USE_B_CHANNEL.cmd_b_queue/inst/fifo_gen_inst/inst_fifo_gen/gconvfifo.rf/grf.rf/rstblk/ngwrdrst.grst.g7serrst.gnsckt_wrst.rst_wr_reg2_inst'
Sourcing Tcl File [/home/lijinming/vivado/Vivado/2019.1/data/ip/xpm/xpm_cdc/tcl/xpm_cdc_async_rst.tcl] for cell 'system_top_i/axi_interconnect_0/s00_couplers/auto_pc/inst/gen_axi4_axi3.axi3_conv_inst/USE_READ.USE_SPLIT_R.read_addr_inst/USE_R_CHANNEL.cmd_queue/inst/fifo_gen_inst/inst_fifo_gen/gconvfifo.rf/grf.rf/rstblk/ngwrdrst.grst.g7serrst.gnsckt_wrst.rst_wr_reg2_inst'
Finished Sourcing Tcl File [/home/lijinming/vivado/Vivado/2019.1/data/ip/xpm/xpm_cdc/tcl/xpm_cdc_async_rst.tcl] for cell 'system_top_i/axi_interconnect_0/s00_couplers/auto_pc/inst/gen_axi4_axi3.axi3_conv_inst/USE_READ.USE_SPLIT_R.read_addr_inst/USE_R_CHANNEL.cmd_queue/inst/fifo_gen_inst/inst_fifo_gen/gconvfifo.rf/grf.rf/rstblk/ngwrdrst.grst.g7serrst.gnsckt_wrst.rst_wr_reg2_inst'
Sourcing Tcl File [/home/lijinming/vivado/Vivado/2019.1/data/ip/xpm/xpm_cdc/tcl/xpm_cdc_async_rst.tcl] for cell 'system_top_i/axi_interconnect_0/s00_couplers/auto_pc/inst/gen_axi4_axi3.axi3_conv_inst/USE_WRITE.write_addr_inst/USE_BURSTS.cmd_queue/inst/fifo_gen_inst/inst_fifo_gen/gconvfifo.rf/grf.rf/rstblk/ngwrdrst.grst.g7serrst.gnsckt_wrst.rst_wr_reg2_inst'
Finished Sourcing Tcl File [/home/lijinming/vivado/Vivado/2019.1/data/ip/xpm/xpm_cdc/tcl/xpm_cdc_async_rst.tcl] for cell 'system_top_i/axi_interconnect_0/s00_couplers/auto_pc/inst/gen_axi4_axi3.axi3_conv_inst/USE_WRITE.write_addr_inst/USE_BURSTS.cmd_queue/inst/fifo_gen_inst/inst_fifo_gen/gconvfifo.rf/grf.rf/rstblk/ngwrdrst.grst.g7serrst.gnsckt_wrst.rst_wr_reg2_inst'
Sourcing Tcl File [/home/lijinming/vivado/Vivado/2019.1/data/ip/xpm/xpm_cdc/tcl/xpm_cdc_async_rst.tcl] for cell 'system_top_i/axi_interconnect_0/s00_couplers/auto_pc/inst/gen_axi4_axi3.axi3_conv_inst/USE_WRITE.write_addr_inst/USE_B_CHANNEL.cmd_b_queue/inst/fifo_gen_inst/inst_fifo_gen/gconvfifo.rf/grf.rf/rstblk/ngwrdrst.grst.g7serrst.gnsckt_wrst.rst_wr_reg2_inst'
Finished Sourcing Tcl File [/home/lijinming/vivado/Vivado/2019.1/data/ip/xpm/xpm_cdc/tcl/xpm_cdc_async_rst.tcl] for cell 'system_top_i/axi_interconnect_0/s00_couplers/auto_pc/inst/gen_axi4_axi3.axi3_conv_inst/USE_WRITE.write_addr_inst/USE_B_CHANNEL.cmd_b_queue/inst/fifo_gen_inst/inst_fifo_gen/gconvfifo.rf/grf.rf/rstblk/ngwrdrst.grst.g7serrst.gnsckt_wrst.rst_wr_reg2_inst'
Sourcing Tcl File [/home/lijinming/vivado/Vivado/2019.1/data/ip/xpm/xpm_cdc/tcl/xpm_cdc_async_rst.tcl] for cell 'system_top_i/axi_interconnect_2/s00_couplers/auto_pc/inst/gen_axi4_axi3.axi3_conv_inst/USE_WRITE.write_addr_inst/USE_BURSTS.cmd_queue/inst/fifo_gen_inst/inst_fifo_gen/gconvfifo.rf/grf.rf/rstblk/ngwrdrst.grst.g7serrst.gnsckt_wrst.rst_wr_reg2_inst'
Finished Sourcing Tcl File [/home/lijinming/vivado/Vivado/2019.1/data/ip/xpm/xpm_cdc/tcl/xpm_cdc_async_rst.tcl] for cell 'system_top_i/axi_interconnect_2/s00_couplers/auto_pc/inst/gen_axi4_axi3.axi3_conv_inst/USE_WRITE.write_addr_inst/USE_BURSTS.cmd_queue/inst/fifo_gen_inst/inst_fifo_gen/gconvfifo.rf/grf.rf/rstblk/ngwrdrst.grst.g7serrst.gnsckt_wrst.rst_wr_reg2_inst'
Sourcing Tcl File [/home/lijinming/vivado/Vivado/2019.1/data/ip/xpm/xpm_cdc/tcl/xpm_cdc_gray.tcl] for cell 'system_top_i/axi_interconnect_0/s00_couplers/auto_cc/inst/gen_clock_conv.gen_async_conv.asyncfifo_axi/inst_fifo_gen/gaxi_full_lite.gread_ch.grdch2.axi_rdch/grf.rf/gntv_or_sync_fifo.gcx.clkx/rd_pntr_cdc_inst'
Finished Sourcing Tcl File [/home/lijinming/vivado/Vivado/2019.1/data/ip/xpm/xpm_cdc/tcl/xpm_cdc_gray.tcl] for cell 'system_top_i/axi_interconnect_0/s00_couplers/auto_cc/inst/gen_clock_conv.gen_async_conv.asyncfifo_axi/inst_fifo_gen/gaxi_full_lite.gread_ch.grdch2.axi_rdch/grf.rf/gntv_or_sync_fifo.gcx.clkx/rd_pntr_cdc_inst'
Sourcing Tcl File [/home/lijinming/vivado/Vivado/2019.1/data/ip/xpm/xpm_cdc/tcl/xpm_cdc_gray.tcl] for cell 'system_top_i/axi_interconnect_0/s00_couplers/auto_cc/inst/gen_clock_conv.gen_async_conv.asyncfifo_axi/inst_fifo_gen/gaxi_full_lite.gwrite_ch.gwach2.axi_wach/grf.rf/gntv_or_sync_fifo.gcx.clkx/wr_pntr_cdc_inst'
Finished Sourcing Tcl File [/home/lijinming/vivado/Vivado/2019.1/data/ip/xpm/xpm_cdc/tcl/xpm_cdc_gray.tcl] for cell 'system_top_i/axi_interconnect_0/s00_couplers/auto_cc/inst/gen_clock_conv.gen_async_conv.asyncfifo_axi/inst_fifo_gen/gaxi_full_lite.gwrite_ch.gwach2.axi_wach/grf.rf/gntv_or_sync_fifo.gcx.clkx/wr_pntr_cdc_inst'
Sourcing Tcl File [/home/lijinming/vivado/Vivado/2019.1/data/ip/xpm/xpm_cdc/tcl/xpm_cdc_gray.tcl] for cell 'system_top_i/axi_interconnect_0/s00_couplers/auto_cc/inst/gen_clock_conv.gen_async_conv.asyncfifo_axi/inst_fifo_gen/gaxi_full_lite.gwrite_ch.gwach2.axi_wach/grf.rf/gntv_or_sync_fifo.gcx.clkx/rd_pntr_cdc_inst'
Finished Sourcing Tcl File [/home/lijinming/vivado/Vivado/2019.1/data/ip/xpm/xpm_cdc/tcl/xpm_cdc_gray.tcl] for cell 'system_top_i/axi_interconnect_0/s00_couplers/auto_cc/inst/gen_clock_conv.gen_async_conv.asyncfifo_axi/inst_fifo_gen/gaxi_full_lite.gwrite_ch.gwach2.axi_wach/grf.rf/gntv_or_sync_fifo.gcx.clkx/rd_pntr_cdc_inst'
Sourcing Tcl File [/home/lijinming/vivado/Vivado/2019.1/data/ip/xpm/xpm_cdc/tcl/xpm_cdc_gray.tcl] for cell 'system_top_i/axi_interconnect_0/s00_couplers/auto_cc/inst/gen_clock_conv.gen_async_conv.asyncfifo_axi/inst_fifo_gen/gaxi_full_lite.gwrite_ch.gwdch2.axi_wdch/grf.rf/gntv_or_sync_fifo.gcx.clkx/wr_pntr_cdc_inst'
Finished Sourcing Tcl File [/home/lijinming/vivado/Vivado/2019.1/data/ip/xpm/xpm_cdc/tcl/xpm_cdc_gray.tcl] for cell 'system_top_i/axi_interconnect_0/s00_couplers/auto_cc/inst/gen_clock_conv.gen_async_conv.asyncfifo_axi/inst_fifo_gen/gaxi_full_lite.gwrite_ch.gwdch2.axi_wdch/grf.rf/gntv_or_sync_fifo.gcx.clkx/wr_pntr_cdc_inst'
Sourcing Tcl File [/home/lijinming/vivado/Vivado/2019.1/data/ip/xpm/xpm_cdc/tcl/xpm_cdc_gray.tcl] for cell 'system_top_i/axi_interconnect_0/s00_couplers/auto_cc/inst/gen_clock_conv.gen_async_conv.asyncfifo_axi/inst_fifo_gen/gaxi_full_lite.gwrite_ch.gwdch2.axi_wdch/grf.rf/gntv_or_sync_fifo.gcx.clkx/rd_pntr_cdc_inst'
Finished Sourcing Tcl File [/home/lijinming/vivado/Vivado/2019.1/data/ip/xpm/xpm_cdc/tcl/xpm_cdc_gray.tcl] for cell 'system_top_i/axi_interconnect_0/s00_couplers/auto_cc/inst/gen_clock_conv.gen_async_conv.asyncfifo_axi/inst_fifo_gen/gaxi_full_lite.gwrite_ch.gwdch2.axi_wdch/grf.rf/gntv_or_sync_fifo.gcx.clkx/rd_pntr_cdc_inst'
Sourcing Tcl File [/home/lijinming/vivado/Vivado/2019.1/data/ip/xpm/xpm_cdc/tcl/xpm_cdc_gray.tcl] for cell 'system_top_i/axi_interconnect_0/s00_couplers/auto_cc/inst/gen_clock_conv.gen_async_conv.asyncfifo_axi/inst_fifo_gen/gaxi_full_lite.gwrite_ch.gwrch2.axi_wrch/grf.rf/gntv_or_sync_fifo.gcx.clkx/wr_pntr_cdc_inst'
Finished Sourcing Tcl File [/home/lijinming/vivado/Vivado/2019.1/data/ip/xpm/xpm_cdc/tcl/xpm_cdc_gray.tcl] for cell 'system_top_i/axi_interconnect_0/s00_couplers/auto_cc/inst/gen_clock_conv.gen_async_conv.asyncfifo_axi/inst_fifo_gen/gaxi_full_lite.gwrite_ch.gwrch2.axi_wrch/grf.rf/gntv_or_sync_fifo.gcx.clkx/wr_pntr_cdc_inst'
Sourcing Tcl File [/home/lijinming/vivado/Vivado/2019.1/data/ip/xpm/xpm_cdc/tcl/xpm_cdc_gray.tcl] for cell 'system_top_i/axi_interconnect_0/s00_couplers/auto_cc/inst/gen_clock_conv.gen_async_conv.asyncfifo_axi/inst_fifo_gen/gaxi_full_lite.gwrite_ch.gwrch2.axi_wrch/grf.rf/gntv_or_sync_fifo.gcx.clkx/rd_pntr_cdc_inst'
Finished Sourcing Tcl File [/home/lijinming/vivado/Vivado/2019.1/data/ip/xpm/xpm_cdc/tcl/xpm_cdc_gray.tcl] for cell 'system_top_i/axi_interconnect_0/s00_couplers/auto_cc/inst/gen_clock_conv.gen_async_conv.asyncfifo_axi/inst_fifo_gen/gaxi_full_lite.gwrite_ch.gwrch2.axi_wrch/grf.rf/gntv_or_sync_fifo.gcx.clkx/rd_pntr_cdc_inst'
Sourcing Tcl File [/home/lijinming/vivado/Vivado/2019.1/data/ip/xpm/xpm_cdc/tcl/xpm_cdc_gray.tcl] for cell 'system_top_i/axi_interconnect_0/s00_couplers/auto_cc/inst/gen_clock_conv.gen_async_conv.asyncfifo_axi/inst_fifo_gen/gaxi_full_lite.gread_ch.grach2.axi_rach/grf.rf/gntv_or_sync_fifo.gcx.clkx/wr_pntr_cdc_inst'
Finished Sourcing Tcl File [/home/lijinming/vivado/Vivado/2019.1/data/ip/xpm/xpm_cdc/tcl/xpm_cdc_gray.tcl] for cell 'system_top_i/axi_interconnect_0/s00_couplers/auto_cc/inst/gen_clock_conv.gen_async_conv.asyncfifo_axi/inst_fifo_gen/gaxi_full_lite.gread_ch.grach2.axi_rach/grf.rf/gntv_or_sync_fifo.gcx.clkx/wr_pntr_cdc_inst'
Sourcing Tcl File [/home/lijinming/vivado/Vivado/2019.1/data/ip/xpm/xpm_cdc/tcl/xpm_cdc_gray.tcl] for cell 'system_top_i/axi_interconnect_0/s00_couplers/auto_cc/inst/gen_clock_conv.gen_async_conv.asyncfifo_axi/inst_fifo_gen/gaxi_full_lite.gread_ch.grach2.axi_rach/grf.rf/gntv_or_sync_fifo.gcx.clkx/rd_pntr_cdc_inst'
Finished Sourcing Tcl File [/home/lijinming/vivado/Vivado/2019.1/data/ip/xpm/xpm_cdc/tcl/xpm_cdc_gray.tcl] for cell 'system_top_i/axi_interconnect_0/s00_couplers/auto_cc/inst/gen_clock_conv.gen_async_conv.asyncfifo_axi/inst_fifo_gen/gaxi_full_lite.gread_ch.grach2.axi_rach/grf.rf/gntv_or_sync_fifo.gcx.clkx/rd_pntr_cdc_inst'
Sourcing Tcl File [/home/lijinming/vivado/Vivado/2019.1/data/ip/xpm/xpm_cdc/tcl/xpm_cdc_gray.tcl] for cell 'system_top_i/axi_interconnect_0/s00_couplers/auto_cc/inst/gen_clock_conv.gen_async_conv.asyncfifo_axi/inst_fifo_gen/gaxi_full_lite.gread_ch.grdch2.axi_rdch/grf.rf/gntv_or_sync_fifo.gcx.clkx/wr_pntr_cdc_inst'
Finished Sourcing Tcl File [/home/lijinming/vivado/Vivado/2019.1/data/ip/xpm/xpm_cdc/tcl/xpm_cdc_gray.tcl] for cell 'system_top_i/axi_interconnect_0/s00_couplers/auto_cc/inst/gen_clock_conv.gen_async_conv.asyncfifo_axi/inst_fifo_gen/gaxi_full_lite.gread_ch.grdch2.axi_rdch/grf.rf/gntv_or_sync_fifo.gcx.clkx/wr_pntr_cdc_inst'
Sourcing Tcl File [/home/lijinming/vivado/Vivado/2019.1/data/ip/xpm/xpm_cdc/tcl/xpm_cdc_gray.tcl] for cell 'system_top_i/axi_interconnect_2/s00_couplers/auto_cc/inst/gen_clock_conv.gen_async_conv.asyncfifo_axi/inst_fifo_gen/gaxi_full_lite.gread_ch.grdch2.axi_rdch/grf.rf/gntv_or_sync_fifo.gcx.clkx/rd_pntr_cdc_inst'
Finished Sourcing Tcl File [/home/lijinming/vivado/Vivado/2019.1/data/ip/xpm/xpm_cdc/tcl/xpm_cdc_gray.tcl] for cell 'system_top_i/axi_interconnect_2/s00_couplers/auto_cc/inst/gen_clock_conv.gen_async_conv.asyncfifo_axi/inst_fifo_gen/gaxi_full_lite.gread_ch.grdch2.axi_rdch/grf.rf/gntv_or_sync_fifo.gcx.clkx/rd_pntr_cdc_inst'
Sourcing Tcl File [/home/lijinming/vivado/Vivado/2019.1/data/ip/xpm/xpm_cdc/tcl/xpm_cdc_gray.tcl] for cell 'system_top_i/axi_interconnect_2/s00_couplers/auto_cc/inst/gen_clock_conv.gen_async_conv.asyncfifo_axi/inst_fifo_gen/gaxi_full_lite.gwrite_ch.gwach2.axi_wach/grf.rf/gntv_or_sync_fifo.gcx.clkx/wr_pntr_cdc_inst'
Finished Sourcing Tcl File [/home/lijinming/vivado/Vivado/2019.1/data/ip/xpm/xpm_cdc/tcl/xpm_cdc_gray.tcl] for cell 'system_top_i/axi_interconnect_2/s00_couplers/auto_cc/inst/gen_clock_conv.gen_async_conv.asyncfifo_axi/inst_fifo_gen/gaxi_full_lite.gwrite_ch.gwach2.axi_wach/grf.rf/gntv_or_sync_fifo.gcx.clkx/wr_pntr_cdc_inst'
Sourcing Tcl File [/home/lijinming/vivado/Vivado/2019.1/data/ip/xpm/xpm_cdc/tcl/xpm_cdc_gray.tcl] for cell 'system_top_i/axi_interconnect_2/s00_couplers/auto_cc/inst/gen_clock_conv.gen_async_conv.asyncfifo_axi/inst_fifo_gen/gaxi_full_lite.gwrite_ch.gwach2.axi_wach/grf.rf/gntv_or_sync_fifo.gcx.clkx/rd_pntr_cdc_inst'
Finished Sourcing Tcl File [/home/lijinming/vivado/Vivado/2019.1/data/ip/xpm/xpm_cdc/tcl/xpm_cdc_gray.tcl] for cell 'system_top_i/axi_interconnect_2/s00_couplers/auto_cc/inst/gen_clock_conv.gen_async_conv.asyncfifo_axi/inst_fifo_gen/gaxi_full_lite.gwrite_ch.gwach2.axi_wach/grf.rf/gntv_or_sync_fifo.gcx.clkx/rd_pntr_cdc_inst'
Sourcing Tcl File [/home/lijinming/vivado/Vivado/2019.1/data/ip/xpm/xpm_cdc/tcl/xpm_cdc_gray.tcl] for cell 'system_top_i/axi_interconnect_2/s00_couplers/auto_cc/inst/gen_clock_conv.gen_async_conv.asyncfifo_axi/inst_fifo_gen/gaxi_full_lite.gwrite_ch.gwdch2.axi_wdch/grf.rf/gntv_or_sync_fifo.gcx.clkx/wr_pntr_cdc_inst'
Finished Sourcing Tcl File [/home/lijinming/vivado/Vivado/2019.1/data/ip/xpm/xpm_cdc/tcl/xpm_cdc_gray.tcl] for cell 'system_top_i/axi_interconnect_2/s00_couplers/auto_cc/inst/gen_clock_conv.gen_async_conv.asyncfifo_axi/inst_fifo_gen/gaxi_full_lite.gwrite_ch.gwdch2.axi_wdch/grf.rf/gntv_or_sync_fifo.gcx.clkx/wr_pntr_cdc_inst'
Sourcing Tcl File [/home/lijinming/vivado/Vivado/2019.1/data/ip/xpm/xpm_cdc/tcl/xpm_cdc_gray.tcl] for cell 'system_top_i/axi_interconnect_2/s00_couplers/auto_cc/inst/gen_clock_conv.gen_async_conv.asyncfifo_axi/inst_fifo_gen/gaxi_full_lite.gwrite_ch.gwdch2.axi_wdch/grf.rf/gntv_or_sync_fifo.gcx.clkx/rd_pntr_cdc_inst'
Finished Sourcing Tcl File [/home/lijinming/vivado/Vivado/2019.1/data/ip/xpm/xpm_cdc/tcl/xpm_cdc_gray.tcl] for cell 'system_top_i/axi_interconnect_2/s00_couplers/auto_cc/inst/gen_clock_conv.gen_async_conv.asyncfifo_axi/inst_fifo_gen/gaxi_full_lite.gwrite_ch.gwdch2.axi_wdch/grf.rf/gntv_or_sync_fifo.gcx.clkx/rd_pntr_cdc_inst'
Sourcing Tcl File [/home/lijinming/vivado/Vivado/2019.1/data/ip/xpm/xpm_cdc/tcl/xpm_cdc_gray.tcl] for cell 'system_top_i/axi_interconnect_2/s00_couplers/auto_cc/inst/gen_clock_conv.gen_async_conv.asyncfifo_axi/inst_fifo_gen/gaxi_full_lite.gwrite_ch.gwrch2.axi_wrch/grf.rf/gntv_or_sync_fifo.gcx.clkx/wr_pntr_cdc_inst'
Finished Sourcing Tcl File [/home/lijinming/vivado/Vivado/2019.1/data/ip/xpm/xpm_cdc/tcl/xpm_cdc_gray.tcl] for cell 'system_top_i/axi_interconnect_2/s00_couplers/auto_cc/inst/gen_clock_conv.gen_async_conv.asyncfifo_axi/inst_fifo_gen/gaxi_full_lite.gwrite_ch.gwrch2.axi_wrch/grf.rf/gntv_or_sync_fifo.gcx.clkx/wr_pntr_cdc_inst'
Sourcing Tcl File [/home/lijinming/vivado/Vivado/2019.1/data/ip/xpm/xpm_cdc/tcl/xpm_cdc_gray.tcl] for cell 'system_top_i/axi_interconnect_2/s00_couplers/auto_cc/inst/gen_clock_conv.gen_async_conv.asyncfifo_axi/inst_fifo_gen/gaxi_full_lite.gwrite_ch.gwrch2.axi_wrch/grf.rf/gntv_or_sync_fifo.gcx.clkx/rd_pntr_cdc_inst'
Finished Sourcing Tcl File [/home/lijinming/vivado/Vivado/2019.1/data/ip/xpm/xpm_cdc/tcl/xpm_cdc_gray.tcl] for cell 'system_top_i/axi_interconnect_2/s00_couplers/auto_cc/inst/gen_clock_conv.gen_async_conv.asyncfifo_axi/inst_fifo_gen/gaxi_full_lite.gwrite_ch.gwrch2.axi_wrch/grf.rf/gntv_or_sync_fifo.gcx.clkx/rd_pntr_cdc_inst'
Sourcing Tcl File [/home/lijinming/vivado/Vivado/2019.1/data/ip/xpm/xpm_cdc/tcl/xpm_cdc_gray.tcl] for cell 'system_top_i/axi_interconnect_2/s00_couplers/auto_cc/inst/gen_clock_conv.gen_async_conv.asyncfifo_axi/inst_fifo_gen/gaxi_full_lite.gread_ch.grach2.axi_rach/grf.rf/gntv_or_sync_fifo.gcx.clkx/wr_pntr_cdc_inst'
Finished Sourcing Tcl File [/home/lijinming/vivado/Vivado/2019.1/data/ip/xpm/xpm_cdc/tcl/xpm_cdc_gray.tcl] for cell 'system_top_i/axi_interconnect_2/s00_couplers/auto_cc/inst/gen_clock_conv.gen_async_conv.asyncfifo_axi/inst_fifo_gen/gaxi_full_lite.gread_ch.grach2.axi_rach/grf.rf/gntv_or_sync_fifo.gcx.clkx/wr_pntr_cdc_inst'
Sourcing Tcl File [/home/lijinming/vivado/Vivado/2019.1/data/ip/xpm/xpm_cdc/tcl/xpm_cdc_gray.tcl] for cell 'system_top_i/axi_interconnect_2/s00_couplers/auto_cc/inst/gen_clock_conv.gen_async_conv.asyncfifo_axi/inst_fifo_gen/gaxi_full_lite.gread_ch.grach2.axi_rach/grf.rf/gntv_or_sync_fifo.gcx.clkx/rd_pntr_cdc_inst'
Finished Sourcing Tcl File [/home/lijinming/vivado/Vivado/2019.1/data/ip/xpm/xpm_cdc/tcl/xpm_cdc_gray.tcl] for cell 'system_top_i/axi_interconnect_2/s00_couplers/auto_cc/inst/gen_clock_conv.gen_async_conv.asyncfifo_axi/inst_fifo_gen/gaxi_full_lite.gread_ch.grach2.axi_rach/grf.rf/gntv_or_sync_fifo.gcx.clkx/rd_pntr_cdc_inst'
Sourcing Tcl File [/home/lijinming/vivado/Vivado/2019.1/data/ip/xpm/xpm_cdc/tcl/xpm_cdc_gray.tcl] for cell 'system_top_i/axi_interconnect_2/s00_couplers/auto_cc/inst/gen_clock_conv.gen_async_conv.asyncfifo_axi/inst_fifo_gen/gaxi_full_lite.gread_ch.grdch2.axi_rdch/grf.rf/gntv_or_sync_fifo.gcx.clkx/wr_pntr_cdc_inst'
Finished Sourcing Tcl File [/home/lijinming/vivado/Vivado/2019.1/data/ip/xpm/xpm_cdc/tcl/xpm_cdc_gray.tcl] for cell 'system_top_i/axi_interconnect_2/s00_couplers/auto_cc/inst/gen_clock_conv.gen_async_conv.asyncfifo_axi/inst_fifo_gen/gaxi_full_lite.gread_ch.grdch2.axi_rdch/grf.rf/gntv_or_sync_fifo.gcx.clkx/wr_pntr_cdc_inst'
Sourcing Tcl File [/home/lijinming/vivado/Vivado/2019.1/data/ip/xpm/xpm_cdc/tcl/xpm_cdc_single.tcl] for cell 'system_top_i/axi_interconnect_0/s00_couplers/auto_cc/inst/gen_clock_conv.gen_async_conv.asyncfifo_axi/inst_fifo_gen/gaxi_full_lite.gread_ch.grach2.xpm_cdc_single_inst3'
Finished Sourcing Tcl File [/home/lijinming/vivado/Vivado/2019.1/data/ip/xpm/xpm_cdc/tcl/xpm_cdc_single.tcl] for cell 'system_top_i/axi_interconnect_0/s00_couplers/auto_cc/inst/gen_clock_conv.gen_async_conv.asyncfifo_axi/inst_fifo_gen/gaxi_full_lite.gread_ch.grach2.xpm_cdc_single_inst3'
Sourcing Tcl File [/home/lijinming/vivado/Vivado/2019.1/data/ip/xpm/xpm_cdc/tcl/xpm_cdc_single.tcl] for cell 'system_top_i/axi_interconnect_0/s00_couplers/auto_cc/inst/gen_clock_conv.gen_async_conv.asyncfifo_axi/inst_fifo_gen/gaxi_full_lite.gwrite_ch.gwach2.xpm_cdc_single_inst1'
Finished Sourcing Tcl File [/home/lijinming/vivado/Vivado/2019.1/data/ip/xpm/xpm_cdc/tcl/xpm_cdc_single.tcl] for cell 'system_top_i/axi_interconnect_0/s00_couplers/auto_cc/inst/gen_clock_conv.gen_async_conv.asyncfifo_axi/inst_fifo_gen/gaxi_full_lite.gwrite_ch.gwach2.xpm_cdc_single_inst1'
Sourcing Tcl File [/home/lijinming/vivado/Vivado/2019.1/data/ip/xpm/xpm_cdc/tcl/xpm_cdc_single.tcl] for cell 'system_top_i/axi_interconnect_0/s00_couplers/auto_cc/inst/gen_clock_conv.gen_async_conv.asyncfifo_axi/inst_fifo_gen/gaxi_full_lite.gwrite_ch.gwdch2.xpm_cdc_single_inst2'
Finished Sourcing Tcl File [/home/lijinming/vivado/Vivado/2019.1/data/ip/xpm/xpm_cdc/tcl/xpm_cdc_single.tcl] for cell 'system_top_i/axi_interconnect_0/s00_couplers/auto_cc/inst/gen_clock_conv.gen_async_conv.asyncfifo_axi/inst_fifo_gen/gaxi_full_lite.gwrite_ch.gwdch2.xpm_cdc_single_inst2'
Sourcing Tcl File [/home/lijinming/vivado/Vivado/2019.1/data/ip/xpm/xpm_cdc/tcl/xpm_cdc_single.tcl] for cell 'system_top_i/axi_interconnect_0/s00_couplers/auto_cc/inst/gen_clock_conv.gen_async_conv.asyncfifo_axi/inst_fifo_gen/gaxi_full_lite.gread_ch.grdch2.axi_rdch/grf.rf/rstblk/ngwrdrst.grst.g7serrst.gnsckt_wrst.gic_rst.xpm_cdc_single_inst_rrst_wr'
Finished Sourcing Tcl File [/home/lijinming/vivado/Vivado/2019.1/data/ip/xpm/xpm_cdc/tcl/xpm_cdc_single.tcl] for cell 'system_top_i/axi_interconnect_0/s00_couplers/auto_cc/inst/gen_clock_conv.gen_async_conv.asyncfifo_axi/inst_fifo_gen/gaxi_full_lite.gread_ch.grdch2.axi_rdch/grf.rf/rstblk/ngwrdrst.grst.g7serrst.gnsckt_wrst.gic_rst.xpm_cdc_single_inst_rrst_wr'
Sourcing Tcl File [/home/lijinming/vivado/Vivado/2019.1/data/ip/xpm/xpm_cdc/tcl/xpm_cdc_single.tcl] for cell 'system_top_i/axi_interconnect_0/s00_couplers/auto_cc/inst/gen_clock_conv.gen_async_conv.asyncfifo_axi/inst_fifo_gen/gaxi_full_lite.gwrite_ch.gwach2.axi_wach/grf.rf/rstblk/ngwrdrst.grst.g7serrst.gnsckt_wrst.gic_rst.xpm_cdc_single_inst_wrst_rd'
Finished Sourcing Tcl File [/home/lijinming/vivado/Vivado/2019.1/data/ip/xpm/xpm_cdc/tcl/xpm_cdc_single.tcl] for cell 'system_top_i/axi_interconnect_0/s00_couplers/auto_cc/inst/gen_clock_conv.gen_async_conv.asyncfifo_axi/inst_fifo_gen/gaxi_full_lite.gwrite_ch.gwach2.axi_wach/grf.rf/rstblk/ngwrdrst.grst.g7serrst.gnsckt_wrst.gic_rst.xpm_cdc_single_inst_wrst_rd'
Sourcing Tcl File [/home/lijinming/vivado/Vivado/2019.1/data/ip/xpm/xpm_cdc/tcl/xpm_cdc_single.tcl] for cell 'system_top_i/axi_interconnect_0/s00_couplers/auto_cc/inst/gen_clock_conv.gen_async_conv.asyncfifo_axi/inst_fifo_gen/gaxi_full_lite.gwrite_ch.gwach2.axi_wach/grf.rf/rstblk/ngwrdrst.grst.g7serrst.gnsckt_wrst.gic_rst.xpm_cdc_single_inst_rrst_wr'
Finished Sourcing Tcl File [/home/lijinming/vivado/Vivado/2019.1/data/ip/xpm/xpm_cdc/tcl/xpm_cdc_single.tcl] for cell 'system_top_i/axi_interconnect_0/s00_couplers/auto_cc/inst/gen_clock_conv.gen_async_conv.asyncfifo_axi/inst_fifo_gen/gaxi_full_lite.gwrite_ch.gwach2.axi_wach/grf.rf/rstblk/ngwrdrst.grst.g7serrst.gnsckt_wrst.gic_rst.xpm_cdc_single_inst_rrst_wr'
Sourcing Tcl File [/home/lijinming/vivado/Vivado/2019.1/data/ip/xpm/xpm_cdc/tcl/xpm_cdc_single.tcl] for cell 'system_top_i/axi_interconnect_0/s00_couplers/auto_cc/inst/gen_clock_conv.gen_async_conv.asyncfifo_axi/inst_fifo_gen/gaxi_full_lite.gwrite_ch.gwdch2.axi_wdch/grf.rf/rstblk/ngwrdrst.grst.g7serrst.gnsckt_wrst.gic_rst.xpm_cdc_single_inst_wrst_rd'
Finished Sourcing Tcl File [/home/lijinming/vivado/Vivado/2019.1/data/ip/xpm/xpm_cdc/tcl/xpm_cdc_single.tcl] for cell 'system_top_i/axi_interconnect_0/s00_couplers/auto_cc/inst/gen_clock_conv.gen_async_conv.asyncfifo_axi/inst_fifo_gen/gaxi_full_lite.gwrite_ch.gwdch2.axi_wdch/grf.rf/rstblk/ngwrdrst.grst.g7serrst.gnsckt_wrst.gic_rst.xpm_cdc_single_inst_wrst_rd'
Sourcing Tcl File [/home/lijinming/vivado/Vivado/2019.1/data/ip/xpm/xpm_cdc/tcl/xpm_cdc_single.tcl] for cell 'system_top_i/axi_interconnect_0/s00_couplers/auto_cc/inst/gen_clock_conv.gen_async_conv.asyncfifo_axi/inst_fifo_gen/gaxi_full_lite.gwrite_ch.gwdch2.axi_wdch/grf.rf/rstblk/ngwrdrst.grst.g7serrst.gnsckt_wrst.gic_rst.xpm_cdc_single_inst_rrst_wr'
Finished Sourcing Tcl File [/home/lijinming/vivado/Vivado/2019.1/data/ip/xpm/xpm_cdc/tcl/xpm_cdc_single.tcl] for cell 'system_top_i/axi_interconnect_0/s00_couplers/auto_cc/inst/gen_clock_conv.gen_async_conv.asyncfifo_axi/inst_fifo_gen/gaxi_full_lite.gwrite_ch.gwdch2.axi_wdch/grf.rf/rstblk/ngwrdrst.grst.g7serrst.gnsckt_wrst.gic_rst.xpm_cdc_single_inst_rrst_wr'
Sourcing Tcl File [/home/lijinming/vivado/Vivado/2019.1/data/ip/xpm/xpm_cdc/tcl/xpm_cdc_single.tcl] for cell 'system_top_i/axi_interconnect_0/s00_couplers/auto_cc/inst/gen_clock_conv.gen_async_conv.asyncfifo_axi/inst_fifo_gen/gaxi_full_lite.gwrite_ch.gwrch2.axi_wrch/grf.rf/rstblk/ngwrdrst.grst.g7serrst.gnsckt_wrst.gic_rst.xpm_cdc_single_inst_wrst_rd'
Finished Sourcing Tcl File [/home/lijinming/vivado/Vivado/2019.1/data/ip/xpm/xpm_cdc/tcl/xpm_cdc_single.tcl] for cell 'system_top_i/axi_interconnect_0/s00_couplers/auto_cc/inst/gen_clock_conv.gen_async_conv.asyncfifo_axi/inst_fifo_gen/gaxi_full_lite.gwrite_ch.gwrch2.axi_wrch/grf.rf/rstblk/ngwrdrst.grst.g7serrst.gnsckt_wrst.gic_rst.xpm_cdc_single_inst_wrst_rd'
Sourcing Tcl File [/home/lijinming/vivado/Vivado/2019.1/data/ip/xpm/xpm_cdc/tcl/xpm_cdc_single.tcl] for cell 'system_top_i/axi_interconnect_0/s00_couplers/auto_cc/inst/gen_clock_conv.gen_async_conv.asyncfifo_axi/inst_fifo_gen/gaxi_full_lite.gwrite_ch.gwrch2.axi_wrch/grf.rf/rstblk/ngwrdrst.grst.g7serrst.gnsckt_wrst.gic_rst.xpm_cdc_single_inst_rrst_wr'
Finished Sourcing Tcl File [/home/lijinming/vivado/Vivado/2019.1/data/ip/xpm/xpm_cdc/tcl/xpm_cdc_single.tcl] for cell 'system_top_i/axi_interconnect_0/s00_couplers/auto_cc/inst/gen_clock_conv.gen_async_conv.asyncfifo_axi/inst_fifo_gen/gaxi_full_lite.gwrite_ch.gwrch2.axi_wrch/grf.rf/rstblk/ngwrdrst.grst.g7serrst.gnsckt_wrst.gic_rst.xpm_cdc_single_inst_rrst_wr'
Sourcing Tcl File [/home/lijinming/vivado/Vivado/2019.1/data/ip/xpm/xpm_cdc/tcl/xpm_cdc_single.tcl] for cell 'system_top_i/axi_interconnect_0/s00_couplers/auto_cc/inst/gen_clock_conv.gen_async_conv.asyncfifo_axi/inst_fifo_gen/gaxi_full_lite.gread_ch.grach2.axi_rach/grf.rf/rstblk/ngwrdrst.grst.g7serrst.gnsckt_wrst.gic_rst.xpm_cdc_single_inst_wrst_rd'
Finished Sourcing Tcl File [/home/lijinming/vivado/Vivado/2019.1/data/ip/xpm/xpm_cdc/tcl/xpm_cdc_single.tcl] for cell 'system_top_i/axi_interconnect_0/s00_couplers/auto_cc/inst/gen_clock_conv.gen_async_conv.asyncfifo_axi/inst_fifo_gen/gaxi_full_lite.gread_ch.grach2.axi_rach/grf.rf/rstblk/ngwrdrst.grst.g7serrst.gnsckt_wrst.gic_rst.xpm_cdc_single_inst_wrst_rd'
Sourcing Tcl File [/home/lijinming/vivado/Vivado/2019.1/data/ip/xpm/xpm_cdc/tcl/xpm_cdc_single.tcl] for cell 'system_top_i/axi_interconnect_0/s00_couplers/auto_cc/inst/gen_clock_conv.gen_async_conv.asyncfifo_axi/inst_fifo_gen/gaxi_full_lite.gread_ch.grach2.axi_rach/grf.rf/rstblk/ngwrdrst.grst.g7serrst.gnsckt_wrst.gic_rst.xpm_cdc_single_inst_rrst_wr'
Finished Sourcing Tcl File [/home/lijinming/vivado/Vivado/2019.1/data/ip/xpm/xpm_cdc/tcl/xpm_cdc_single.tcl] for cell 'system_top_i/axi_interconnect_0/s00_couplers/auto_cc/inst/gen_clock_conv.gen_async_conv.asyncfifo_axi/inst_fifo_gen/gaxi_full_lite.gread_ch.grach2.axi_rach/grf.rf/rstblk/ngwrdrst.grst.g7serrst.gnsckt_wrst.gic_rst.xpm_cdc_single_inst_rrst_wr'
Sourcing Tcl File [/home/lijinming/vivado/Vivado/2019.1/data/ip/xpm/xpm_cdc/tcl/xpm_cdc_single.tcl] for cell 'system_top_i/axi_interconnect_0/s00_couplers/auto_cc/inst/gen_clock_conv.gen_async_conv.asyncfifo_axi/inst_fifo_gen/gaxi_full_lite.gread_ch.grdch2.axi_rdch/grf.rf/rstblk/ngwrdrst.grst.g7serrst.gnsckt_wrst.gic_rst.xpm_cdc_single_inst_wrst_rd'
Finished Sourcing Tcl File [/home/lijinming/vivado/Vivado/2019.1/data/ip/xpm/xpm_cdc/tcl/xpm_cdc_single.tcl] for cell 'system_top_i/axi_interconnect_0/s00_couplers/auto_cc/inst/gen_clock_conv.gen_async_conv.asyncfifo_axi/inst_fifo_gen/gaxi_full_lite.gread_ch.grdch2.axi_rdch/grf.rf/rstblk/ngwrdrst.grst.g7serrst.gnsckt_wrst.gic_rst.xpm_cdc_single_inst_wrst_rd'
Sourcing Tcl File [/home/lijinming/vivado/Vivado/2019.1/data/ip/xpm/xpm_cdc/tcl/xpm_cdc_single.tcl] for cell 'system_top_i/axi_interconnect_2/s00_couplers/auto_cc/inst/gen_clock_conv.gen_async_conv.asyncfifo_axi/inst_fifo_gen/gaxi_full_lite.gread_ch.grach2.xpm_cdc_single_inst3'
Finished Sourcing Tcl File [/home/lijinming/vivado/Vivado/2019.1/data/ip/xpm/xpm_cdc/tcl/xpm_cdc_single.tcl] for cell 'system_top_i/axi_interconnect_2/s00_couplers/auto_cc/inst/gen_clock_conv.gen_async_conv.asyncfifo_axi/inst_fifo_gen/gaxi_full_lite.gread_ch.grach2.xpm_cdc_single_inst3'
Sourcing Tcl File [/home/lijinming/vivado/Vivado/2019.1/data/ip/xpm/xpm_cdc/tcl/xpm_cdc_single.tcl] for cell 'system_top_i/axi_interconnect_2/s00_couplers/auto_cc/inst/gen_clock_conv.gen_async_conv.asyncfifo_axi/inst_fifo_gen/gaxi_full_lite.gwrite_ch.gwach2.xpm_cdc_single_inst1'
Finished Sourcing Tcl File [/home/lijinming/vivado/Vivado/2019.1/data/ip/xpm/xpm_cdc/tcl/xpm_cdc_single.tcl] for cell 'system_top_i/axi_interconnect_2/s00_couplers/auto_cc/inst/gen_clock_conv.gen_async_conv.asyncfifo_axi/inst_fifo_gen/gaxi_full_lite.gwrite_ch.gwach2.xpm_cdc_single_inst1'
Sourcing Tcl File [/home/lijinming/vivado/Vivado/2019.1/data/ip/xpm/xpm_cdc/tcl/xpm_cdc_single.tcl] for cell 'system_top_i/axi_interconnect_2/s00_couplers/auto_cc/inst/gen_clock_conv.gen_async_conv.asyncfifo_axi/inst_fifo_gen/gaxi_full_lite.gwrite_ch.gwdch2.xpm_cdc_single_inst2'
Finished Sourcing Tcl File [/home/lijinming/vivado/Vivado/2019.1/data/ip/xpm/xpm_cdc/tcl/xpm_cdc_single.tcl] for cell 'system_top_i/axi_interconnect_2/s00_couplers/auto_cc/inst/gen_clock_conv.gen_async_conv.asyncfifo_axi/inst_fifo_gen/gaxi_full_lite.gwrite_ch.gwdch2.xpm_cdc_single_inst2'
Sourcing Tcl File [/home/lijinming/vivado/Vivado/2019.1/data/ip/xpm/xpm_cdc/tcl/xpm_cdc_single.tcl] for cell 'system_top_i/axi_interconnect_2/s00_couplers/auto_cc/inst/gen_clock_conv.gen_async_conv.asyncfifo_axi/inst_fifo_gen/gaxi_full_lite.gread_ch.grdch2.axi_rdch/grf.rf/rstblk/ngwrdrst.grst.g7serrst.gnsckt_wrst.gic_rst.xpm_cdc_single_inst_rrst_wr'
Finished Sourcing Tcl File [/home/lijinming/vivado/Vivado/2019.1/data/ip/xpm/xpm_cdc/tcl/xpm_cdc_single.tcl] for cell 'system_top_i/axi_interconnect_2/s00_couplers/auto_cc/inst/gen_clock_conv.gen_async_conv.asyncfifo_axi/inst_fifo_gen/gaxi_full_lite.gread_ch.grdch2.axi_rdch/grf.rf/rstblk/ngwrdrst.grst.g7serrst.gnsckt_wrst.gic_rst.xpm_cdc_single_inst_rrst_wr'
Sourcing Tcl File [/home/lijinming/vivado/Vivado/2019.1/data/ip/xpm/xpm_cdc/tcl/xpm_cdc_single.tcl] for cell 'system_top_i/axi_interconnect_2/s00_couplers/auto_cc/inst/gen_clock_conv.gen_async_conv.asyncfifo_axi/inst_fifo_gen/gaxi_full_lite.gwrite_ch.gwach2.axi_wach/grf.rf/rstblk/ngwrdrst.grst.g7serrst.gnsckt_wrst.gic_rst.xpm_cdc_single_inst_wrst_rd'
Finished Sourcing Tcl File [/home/lijinming/vivado/Vivado/2019.1/data/ip/xpm/xpm_cdc/tcl/xpm_cdc_single.tcl] for cell 'system_top_i/axi_interconnect_2/s00_couplers/auto_cc/inst/gen_clock_conv.gen_async_conv.asyncfifo_axi/inst_fifo_gen/gaxi_full_lite.gwrite_ch.gwach2.axi_wach/grf.rf/rstblk/ngwrdrst.grst.g7serrst.gnsckt_wrst.gic_rst.xpm_cdc_single_inst_wrst_rd'
Sourcing Tcl File [/home/lijinming/vivado/Vivado/2019.1/data/ip/xpm/xpm_cdc/tcl/xpm_cdc_single.tcl] for cell 'system_top_i/axi_interconnect_2/s00_couplers/auto_cc/inst/gen_clock_conv.gen_async_conv.asyncfifo_axi/inst_fifo_gen/gaxi_full_lite.gwrite_ch.gwach2.axi_wach/grf.rf/rstblk/ngwrdrst.grst.g7serrst.gnsckt_wrst.gic_rst.xpm_cdc_single_inst_rrst_wr'
Finished Sourcing Tcl File [/home/lijinming/vivado/Vivado/2019.1/data/ip/xpm/xpm_cdc/tcl/xpm_cdc_single.tcl] for cell 'system_top_i/axi_interconnect_2/s00_couplers/auto_cc/inst/gen_clock_conv.gen_async_conv.asyncfifo_axi/inst_fifo_gen/gaxi_full_lite.gwrite_ch.gwach2.axi_wach/grf.rf/rstblk/ngwrdrst.grst.g7serrst.gnsckt_wrst.gic_rst.xpm_cdc_single_inst_rrst_wr'
Sourcing Tcl File [/home/lijinming/vivado/Vivado/2019.1/data/ip/xpm/xpm_cdc/tcl/xpm_cdc_single.tcl] for cell 'system_top_i/axi_interconnect_2/s00_couplers/auto_cc/inst/gen_clock_conv.gen_async_conv.asyncfifo_axi/inst_fifo_gen/gaxi_full_lite.gwrite_ch.gwdch2.axi_wdch/grf.rf/rstblk/ngwrdrst.grst.g7serrst.gnsckt_wrst.gic_rst.xpm_cdc_single_inst_wrst_rd'
Finished Sourcing Tcl File [/home/lijinming/vivado/Vivado/2019.1/data/ip/xpm/xpm_cdc/tcl/xpm_cdc_single.tcl] for cell 'system_top_i/axi_interconnect_2/s00_couplers/auto_cc/inst/gen_clock_conv.gen_async_conv.asyncfifo_axi/inst_fifo_gen/gaxi_full_lite.gwrite_ch.gwdch2.axi_wdch/grf.rf/rstblk/ngwrdrst.grst.g7serrst.gnsckt_wrst.gic_rst.xpm_cdc_single_inst_wrst_rd'
Sourcing Tcl File [/home/lijinming/vivado/Vivado/2019.1/data/ip/xpm/xpm_cdc/tcl/xpm_cdc_single.tcl] for cell 'system_top_i/axi_interconnect_2/s00_couplers/auto_cc/inst/gen_clock_conv.gen_async_conv.asyncfifo_axi/inst_fifo_gen/gaxi_full_lite.gwrite_ch.gwdch2.axi_wdch/grf.rf/rstblk/ngwrdrst.grst.g7serrst.gnsckt_wrst.gic_rst.xpm_cdc_single_inst_rrst_wr'
Finished Sourcing Tcl File [/home/lijinming/vivado/Vivado/2019.1/data/ip/xpm/xpm_cdc/tcl/xpm_cdc_single.tcl] for cell 'system_top_i/axi_interconnect_2/s00_couplers/auto_cc/inst/gen_clock_conv.gen_async_conv.asyncfifo_axi/inst_fifo_gen/gaxi_full_lite.gwrite_ch.gwdch2.axi_wdch/grf.rf/rstblk/ngwrdrst.grst.g7serrst.gnsckt_wrst.gic_rst.xpm_cdc_single_inst_rrst_wr'
Sourcing Tcl File [/home/lijinming/vivado/Vivado/2019.1/data/ip/xpm/xpm_cdc/tcl/xpm_cdc_single.tcl] for cell 'system_top_i/axi_interconnect_2/s00_couplers/auto_cc/inst/gen_clock_conv.gen_async_conv.asyncfifo_axi/inst_fifo_gen/gaxi_full_lite.gwrite_ch.gwrch2.axi_wrch/grf.rf/rstblk/ngwrdrst.grst.g7serrst.gnsckt_wrst.gic_rst.xpm_cdc_single_inst_wrst_rd'
Finished Sourcing Tcl File [/home/lijinming/vivado/Vivado/2019.1/data/ip/xpm/xpm_cdc/tcl/xpm_cdc_single.tcl] for cell 'system_top_i/axi_interconnect_2/s00_couplers/auto_cc/inst/gen_clock_conv.gen_async_conv.asyncfifo_axi/inst_fifo_gen/gaxi_full_lite.gwrite_ch.gwrch2.axi_wrch/grf.rf/rstblk/ngwrdrst.grst.g7serrst.gnsckt_wrst.gic_rst.xpm_cdc_single_inst_wrst_rd'
Sourcing Tcl File [/home/lijinming/vivado/Vivado/2019.1/data/ip/xpm/xpm_cdc/tcl/xpm_cdc_single.tcl] for cell 'system_top_i/axi_interconnect_2/s00_couplers/auto_cc/inst/gen_clock_conv.gen_async_conv.asyncfifo_axi/inst_fifo_gen/gaxi_full_lite.gwrite_ch.gwrch2.axi_wrch/grf.rf/rstblk/ngwrdrst.grst.g7serrst.gnsckt_wrst.gic_rst.xpm_cdc_single_inst_rrst_wr'
Finished Sourcing Tcl File [/home/lijinming/vivado/Vivado/2019.1/data/ip/xpm/xpm_cdc/tcl/xpm_cdc_single.tcl] for cell 'system_top_i/axi_interconnect_2/s00_couplers/auto_cc/inst/gen_clock_conv.gen_async_conv.asyncfifo_axi/inst_fifo_gen/gaxi_full_lite.gwrite_ch.gwrch2.axi_wrch/grf.rf/rstblk/ngwrdrst.grst.g7serrst.gnsckt_wrst.gic_rst.xpm_cdc_single_inst_rrst_wr'
Sourcing Tcl File [/home/lijinming/vivado/Vivado/2019.1/data/ip/xpm/xpm_cdc/tcl/xpm_cdc_single.tcl] for cell 'system_top_i/axi_interconnect_2/s00_couplers/auto_cc/inst/gen_clock_conv.gen_async_conv.asyncfifo_axi/inst_fifo_gen/gaxi_full_lite.gread_ch.grach2.axi_rach/grf.rf/rstblk/ngwrdrst.grst.g7serrst.gnsckt_wrst.gic_rst.xpm_cdc_single_inst_wrst_rd'
Finished Sourcing Tcl File [/home/lijinming/vivado/Vivado/2019.1/data/ip/xpm/xpm_cdc/tcl/xpm_cdc_single.tcl] for cell 'system_top_i/axi_interconnect_2/s00_couplers/auto_cc/inst/gen_clock_conv.gen_async_conv.asyncfifo_axi/inst_fifo_gen/gaxi_full_lite.gread_ch.grach2.axi_rach/grf.rf/rstblk/ngwrdrst.grst.g7serrst.gnsckt_wrst.gic_rst.xpm_cdc_single_inst_wrst_rd'
Sourcing Tcl File [/home/lijinming/vivado/Vivado/2019.1/data/ip/xpm/xpm_cdc/tcl/xpm_cdc_single.tcl] for cell 'system_top_i/axi_interconnect_2/s00_couplers/auto_cc/inst/gen_clock_conv.gen_async_conv.asyncfifo_axi/inst_fifo_gen/gaxi_full_lite.gread_ch.grach2.axi_rach/grf.rf/rstblk/ngwrdrst.grst.g7serrst.gnsckt_wrst.gic_rst.xpm_cdc_single_inst_rrst_wr'
Finished Sourcing Tcl File [/home/lijinming/vivado/Vivado/2019.1/data/ip/xpm/xpm_cdc/tcl/xpm_cdc_single.tcl] for cell 'system_top_i/axi_interconnect_2/s00_couplers/auto_cc/inst/gen_clock_conv.gen_async_conv.asyncfifo_axi/inst_fifo_gen/gaxi_full_lite.gread_ch.grach2.axi_rach/grf.rf/rstblk/ngwrdrst.grst.g7serrst.gnsckt_wrst.gic_rst.xpm_cdc_single_inst_rrst_wr'
Sourcing Tcl File [/home/lijinming/vivado/Vivado/2019.1/data/ip/xpm/xpm_cdc/tcl/xpm_cdc_single.tcl] for cell 'system_top_i/axi_interconnect_2/s00_couplers/auto_cc/inst/gen_clock_conv.gen_async_conv.asyncfifo_axi/inst_fifo_gen/gaxi_full_lite.gread_ch.grdch2.axi_rdch/grf.rf/rstblk/ngwrdrst.grst.g7serrst.gnsckt_wrst.gic_rst.xpm_cdc_single_inst_wrst_rd'
Finished Sourcing Tcl File [/home/lijinming/vivado/Vivado/2019.1/data/ip/xpm/xpm_cdc/tcl/xpm_cdc_single.tcl] for cell 'system_top_i/axi_interconnect_2/s00_couplers/auto_cc/inst/gen_clock_conv.gen_async_conv.asyncfifo_axi/inst_fifo_gen/gaxi_full_lite.gread_ch.grdch2.axi_rdch/grf.rf/rstblk/ngwrdrst.grst.g7serrst.gnsckt_wrst.gic_rst.xpm_cdc_single_inst_wrst_rd'
INFO: [Opt 31-138] Pushed 0 inverter(s) to 0 load pin(s).
Netlist sorting complete. Time (s): cpu = 00:00:00.02 ; elapsed = 00:00:00.03 . Memory (MB): peak = 8681.652 ; gain = 0.000 ; free physical = 193163 ; free virtual = 218352
INFO: [Project 1-111] Unisim Transformation Summary:
  A total of 2347 instances were transformed.
  RAM32M => RAM32M (RAMD32, RAMD32, RAMD32, RAMD32, RAMD32, RAMD32, RAMS32, RAMS32): 121 instances
  RAM32X1D => RAM32X1D (RAMD32, RAMD32): 2 instances
  RAM64X1D => RAM64X1D (RAMD64E, RAMD64E): 88 instances
  RAM64X1S => RAM64X1S (RAMS64E): 2136 instances

open_run: Time (s): cpu = 00:01:32 ; elapsed = 00:00:52 . Memory (MB): peak = 8745.789 ; gain = 901.234 ; free physical = 192965 ; free virtual = 218154
create_debug_core u_ila_0 ila
set_property C_DATA_DEPTH 1024 [get_debug_cores u_ila_0]
set_property C_TRIGIN_EN false [get_debug_cores u_ila_0]
set_property C_TRIGOUT_EN false [get_debug_cores u_ila_0]
set_property C_ADV_TRIGGER false [get_debug_cores u_ila_0]
set_property C_INPUT_PIPE_STAGES 0 [get_debug_cores u_ila_0]
set_property C_EN_STRG_QUAL false [get_debug_cores u_ila_0]
set_property ALL_PROBE_SAME_MU true [get_debug_cores u_ila_0]
set_property ALL_PROBE_SAME_MU_CNT 1 [get_debug_cores u_ila_0]
startgroup 
set_property C_EN_STRG_QUAL true [get_debug_cores u_ila_0 ]
set_property C_ADV_TRIGGER true [get_debug_cores u_ila_0 ]
set_property ALL_PROBE_SAME_MU true [get_debug_cores u_ila_0 ]
set_property ALL_PROBE_SAME_MU_CNT 4 [get_debug_cores u_ila_0 ]
endgroup
connect_debug_port u_ila_0/clk [get_nets [list system_top_i/hier_clkrst/clk_wiz_0/inst/coreclk ]]
set_property port_width 64 [get_debug_ports u_ila_0/probe0]
set_property PROBE_TYPE DATA_AND_TRIGGER [get_debug_ports u_ila_0/probe0]
connect_debug_port u_ila_0/probe0 [get_nets [list {system_top_i/rv_system/WuKong_0/inst/core/Backend/pipeStage6_io_right_bits_rs1[0]} {system_top_i/rv_system/WuKong_0/inst/core/Backend/pipeStage6_io_right_bits_rs1[1]} {system_top_i/rv_system/WuKong_0/inst/core/Backend/pipeStage6_io_right_bits_rs1[2]} {system_top_i/rv_system/WuKong_0/inst/core/Backend/pipeStage6_io_right_bits_rs1[3]} {system_top_i/rv_system/WuKong_0/inst/core/Backend/pipeStage6_io_right_bits_rs1[4]} {system_top_i/rv_system/WuKong_0/inst/core/Backend/pipeStage6_io_right_bits_rs1[5]} {system_top_i/rv_system/WuKong_0/inst/core/Backend/pipeStage6_io_right_bits_rs1[6]} {system_top_i/rv_system/WuKong_0/inst/core/Backend/pipeStage6_io_right_bits_rs1[7]} {system_top_i/rv_system/WuKong_0/inst/core/Backend/pipeStage6_io_right_bits_rs1[8]} {system_top_i/rv_system/WuKong_0/inst/core/Backend/pipeStage6_io_right_bits_rs1[9]} {system_top_i/rv_system/WuKong_0/inst/core/Backend/pipeStage6_io_right_bits_rs1[10]} {system_top_i/rv_system/WuKong_0/inst/core/Backend/pipeStage6_io_right_bits_rs1[11]} {system_top_i/rv_system/WuKong_0/inst/core/Backend/pipeStage6_io_right_bits_rs1[12]} {system_top_i/rv_system/WuKong_0/inst/core/Backend/pipeStage6_io_right_bits_rs1[13]} {system_top_i/rv_system/WuKong_0/inst/core/Backend/pipeStage6_io_right_bits_rs1[14]} {system_top_i/rv_system/WuKong_0/inst/core/Backend/pipeStage6_io_right_bits_rs1[15]} {system_top_i/rv_system/WuKong_0/inst/core/Backend/pipeStage6_io_right_bits_rs1[16]} {system_top_i/rv_system/WuKong_0/inst/core/Backend/pipeStage6_io_right_bits_rs1[17]} {system_top_i/rv_system/WuKong_0/inst/core/Backend/pipeStage6_io_right_bits_rs1[18]} {system_top_i/rv_system/WuKong_0/inst/core/Backend/pipeStage6_io_right_bits_rs1[19]} {system_top_i/rv_system/WuKong_0/inst/core/Backend/pipeStage6_io_right_bits_rs1[20]} {system_top_i/rv_system/WuKong_0/inst/core/Backend/pipeStage6_io_right_bits_rs1[21]} {system_top_i/rv_system/WuKong_0/inst/core/Backend/pipeStage6_io_right_bits_rs1[22]} {system_top_i/rv_system/WuKong_0/inst/core/Backend/pipeStage6_io_right_bits_rs1[23]} {system_top_i/rv_system/WuKong_0/inst/core/Backend/pipeStage6_io_right_bits_rs1[24]} {system_top_i/rv_system/WuKong_0/inst/core/Backend/pipeStage6_io_right_bits_rs1[25]} {system_top_i/rv_system/WuKong_0/inst/core/Backend/pipeStage6_io_right_bits_rs1[26]} {system_top_i/rv_system/WuKong_0/inst/core/Backend/pipeStage6_io_right_bits_rs1[27]} {system_top_i/rv_system/WuKong_0/inst/core/Backend/pipeStage6_io_right_bits_rs1[28]} {system_top_i/rv_system/WuKong_0/inst/core/Backend/pipeStage6_io_right_bits_rs1[29]} {system_top_i/rv_system/WuKong_0/inst/core/Backend/pipeStage6_io_right_bits_rs1[30]} {system_top_i/rv_system/WuKong_0/inst/core/Backend/pipeStage6_io_right_bits_rs1[31]} {system_top_i/rv_system/WuKong_0/inst/core/Backend/pipeStage6_io_right_bits_rs1[32]} {system_top_i/rv_system/WuKong_0/inst/core/Backend/pipeStage6_io_right_bits_rs1[33]} {system_top_i/rv_system/WuKong_0/inst/core/Backend/pipeStage6_io_right_bits_rs1[34]} {system_top_i/rv_system/WuKong_0/inst/core/Backend/pipeStage6_io_right_bits_rs1[35]} {system_top_i/rv_system/WuKong_0/inst/core/Backend/pipeStage6_io_right_bits_rs1[36]} {system_top_i/rv_system/WuKong_0/inst/core/Backend/pipeStage6_io_right_bits_rs1[37]} {system_top_i/rv_system/WuKong_0/inst/core/Backend/pipeStage6_io_right_bits_rs1[38]} {system_top_i/rv_system/WuKong_0/inst/core/Backend/pipeStage6_io_right_bits_rs1[39]} {system_top_i/rv_system/WuKong_0/inst/core/Backend/pipeStage6_io_right_bits_rs1[40]} {system_top_i/rv_system/WuKong_0/inst/core/Backend/pipeStage6_io_right_bits_rs1[41]} {system_top_i/rv_system/WuKong_0/inst/core/Backend/pipeStage6_io_right_bits_rs1[42]} {system_top_i/rv_system/WuKong_0/inst/core/Backend/pipeStage6_io_right_bits_rs1[43]} {system_top_i/rv_system/WuKong_0/inst/core/Backend/pipeStage6_io_right_bits_rs1[44]} {system_top_i/rv_system/WuKong_0/inst/core/Backend/pipeStage6_io_right_bits_rs1[45]} {system_top_i/rv_system/WuKong_0/inst/core/Backend/pipeStage6_io_right_bits_rs1[46]} {system_top_i/rv_system/WuKong_0/inst/core/Backend/pipeStage6_io_right_bits_rs1[47]} {system_top_i/rv_system/WuKong_0/inst/core/Backend/pipeStage6_io_right_bits_rs1[48]} {system_top_i/rv_system/WuKong_0/inst/core/Backend/pipeStage6_io_right_bits_rs1[49]} {system_top_i/rv_system/WuKong_0/inst/core/Backend/pipeStage6_io_right_bits_rs1[50]} {system_top_i/rv_system/WuKong_0/inst/core/Backend/pipeStage6_io_right_bits_rs1[51]} {system_top_i/rv_system/WuKong_0/inst/core/Backend/pipeStage6_io_right_bits_rs1[52]} {system_top_i/rv_system/WuKong_0/inst/core/Backend/pipeStage6_io_right_bits_rs1[53]} {system_top_i/rv_system/WuKong_0/inst/core/Backend/pipeStage6_io_right_bits_rs1[54]} {system_top_i/rv_system/WuKong_0/inst/core/Backend/pipeStage6_io_right_bits_rs1[55]} {system_top_i/rv_system/WuKong_0/inst/core/Backend/pipeStage6_io_right_bits_rs1[56]} {system_top_i/rv_system/WuKong_0/inst/core/Backend/pipeStage6_io_right_bits_rs1[57]} {system_top_i/rv_system/WuKong_0/inst/core/Backend/pipeStage6_io_right_bits_rs1[58]} {system_top_i/rv_system/WuKong_0/inst/core/Backend/pipeStage6_io_right_bits_rs1[59]} {system_top_i/rv_system/WuKong_0/inst/core/Backend/pipeStage6_io_right_bits_rs1[60]} {system_top_i/rv_system/WuKong_0/inst/core/Backend/pipeStage6_io_right_bits_rs1[61]} {system_top_i/rv_system/WuKong_0/inst/core/Backend/pipeStage6_io_right_bits_rs1[62]} {system_top_i/rv_system/WuKong_0/inst/core/Backend/pipeStage6_io_right_bits_rs1[63]} ]]
create_debug_port u_ila_0 probe
set_property port_width 32 [get_debug_ports u_ila_0/probe1]
set_property PROBE_TYPE DATA_AND_TRIGGER [get_debug_ports u_ila_0/probe1]
connect_debug_port u_ila_0/probe1 [get_nets [list {system_top_i/rv_system/WuKong_0/inst/core/Backend/pipeStage6_io_right_bits_instr[0]} {system_top_i/rv_system/WuKong_0/inst/core/Backend/pipeStage6_io_right_bits_instr[1]} {system_top_i/rv_system/WuKong_0/inst/core/Backend/pipeStage6_io_right_bits_instr[2]} {system_top_i/rv_system/WuKong_0/inst/core/Backend/pipeStage6_io_right_bits_instr[3]} {system_top_i/rv_system/WuKong_0/inst/core/Backend/pipeStage6_io_right_bits_instr[4]} {system_top_i/rv_system/WuKong_0/inst/core/Backend/pipeStage6_io_right_bits_instr[5]} {system_top_i/rv_system/WuKong_0/inst/core/Backend/pipeStage6_io_right_bits_instr[6]} {system_top_i/rv_system/WuKong_0/inst/core/Backend/pipeStage6_io_right_bits_instr[7]} {system_top_i/rv_system/WuKong_0/inst/core/Backend/pipeStage6_io_right_bits_instr[8]} {system_top_i/rv_system/WuKong_0/inst/core/Backend/pipeStage6_io_right_bits_instr[9]} {system_top_i/rv_system/WuKong_0/inst/core/Backend/pipeStage6_io_right_bits_instr[10]} {system_top_i/rv_system/WuKong_0/inst/core/Backend/pipeStage6_io_right_bits_instr[11]} {system_top_i/rv_system/WuKong_0/inst/core/Backend/pipeStage6_io_right_bits_instr[12]} {system_top_i/rv_system/WuKong_0/inst/core/Backend/pipeStage6_io_right_bits_instr[13]} {system_top_i/rv_system/WuKong_0/inst/core/Backend/pipeStage6_io_right_bits_instr[14]} {system_top_i/rv_system/WuKong_0/inst/core/Backend/pipeStage6_io_right_bits_instr[15]} {system_top_i/rv_system/WuKong_0/inst/core/Backend/pipeStage6_io_right_bits_instr[16]} {system_top_i/rv_system/WuKong_0/inst/core/Backend/pipeStage6_io_right_bits_instr[17]} {system_top_i/rv_system/WuKong_0/inst/core/Backend/pipeStage6_io_right_bits_instr[18]} {system_top_i/rv_system/WuKong_0/inst/core/Backend/pipeStage6_io_right_bits_instr[19]} {system_top_i/rv_system/WuKong_0/inst/core/Backend/pipeStage6_io_right_bits_instr[20]} {system_top_i/rv_system/WuKong_0/inst/core/Backend/pipeStage6_io_right_bits_instr[21]} {system_top_i/rv_system/WuKong_0/inst/core/Backend/pipeStage6_io_right_bits_instr[22]} {system_top_i/rv_system/WuKong_0/inst/core/Backend/pipeStage6_io_right_bits_instr[23]} {system_top_i/rv_system/WuKong_0/inst/core/Backend/pipeStage6_io_right_bits_instr[24]} {system_top_i/rv_system/WuKong_0/inst/core/Backend/pipeStage6_io_right_bits_instr[25]} {system_top_i/rv_system/WuKong_0/inst/core/Backend/pipeStage6_io_right_bits_instr[26]} {system_top_i/rv_system/WuKong_0/inst/core/Backend/pipeStage6_io_right_bits_instr[27]} {system_top_i/rv_system/WuKong_0/inst/core/Backend/pipeStage6_io_right_bits_instr[28]} {system_top_i/rv_system/WuKong_0/inst/core/Backend/pipeStage6_io_right_bits_instr[29]} {system_top_i/rv_system/WuKong_0/inst/core/Backend/pipeStage6_io_right_bits_instr[30]} {system_top_i/rv_system/WuKong_0/inst/core/Backend/pipeStage6_io_right_bits_instr[31]} ]]
create_debug_port u_ila_0 probe
set_property port_width 64 [get_debug_ports u_ila_0/probe2]
set_property PROBE_TYPE DATA_AND_TRIGGER [get_debug_ports u_ila_0/probe2]
connect_debug_port u_ila_0/probe2 [get_nets [list {system_top_i/rv_system/WuKong_0/inst/core/Backend/pipeStage6_io_right_bits_offset[0]} {system_top_i/rv_system/WuKong_0/inst/core/Backend/pipeStage6_io_right_bits_offset[1]} {system_top_i/rv_system/WuKong_0/inst/core/Backend/pipeStage6_io_right_bits_offset[2]} {system_top_i/rv_system/WuKong_0/inst/core/Backend/pipeStage6_io_right_bits_offset[3]} {system_top_i/rv_system/WuKong_0/inst/core/Backend/pipeStage6_io_right_bits_offset[4]} {system_top_i/rv_system/WuKong_0/inst/core/Backend/pipeStage6_io_right_bits_offset[5]} {system_top_i/rv_system/WuKong_0/inst/core/Backend/pipeStage6_io_right_bits_offset[6]} {system_top_i/rv_system/WuKong_0/inst/core/Backend/pipeStage6_io_right_bits_offset[7]} {system_top_i/rv_system/WuKong_0/inst/core/Backend/pipeStage6_io_right_bits_offset[8]} {system_top_i/rv_system/WuKong_0/inst/core/Backend/pipeStage6_io_right_bits_offset[9]} {system_top_i/rv_system/WuKong_0/inst/core/Backend/pipeStage6_io_right_bits_offset[10]} {system_top_i/rv_system/WuKong_0/inst/core/Backend/pipeStage6_io_right_bits_offset[11]} {system_top_i/rv_system/WuKong_0/inst/core/Backend/pipeStage6_io_right_bits_offset[12]} {system_top_i/rv_system/WuKong_0/inst/core/Backend/pipeStage6_io_right_bits_offset[13]} {system_top_i/rv_system/WuKong_0/inst/core/Backend/pipeStage6_io_right_bits_offset[14]} {system_top_i/rv_system/WuKong_0/inst/core/Backend/pipeStage6_io_right_bits_offset[15]} {system_top_i/rv_system/WuKong_0/inst/core/Backend/pipeStage6_io_right_bits_offset[16]} {system_top_i/rv_system/WuKong_0/inst/core/Backend/pipeStage6_io_right_bits_offset[17]} {system_top_i/rv_system/WuKong_0/inst/core/Backend/pipeStage6_io_right_bits_offset[18]} {system_top_i/rv_system/WuKong_0/inst/core/Backend/pipeStage6_io_right_bits_offset[19]} {system_top_i/rv_system/WuKong_0/inst/core/Backend/pipeStage6_io_right_bits_offset[20]} {system_top_i/rv_system/WuKong_0/inst/core/Backend/pipeStage6_io_right_bits_offset[21]} {system_top_i/rv_system/WuKong_0/inst/core/Backend/pipeStage6_io_right_bits_offset[22]} {system_top_i/rv_system/WuKong_0/inst/core/Backend/pipeStage6_io_right_bits_offset[23]} {system_top_i/rv_system/WuKong_0/inst/core/Backend/pipeStage6_io_right_bits_offset[24]} {system_top_i/rv_system/WuKong_0/inst/core/Backend/pipeStage6_io_right_bits_offset[25]} {system_top_i/rv_system/WuKong_0/inst/core/Backend/pipeStage6_io_right_bits_offset[26]} {system_top_i/rv_system/WuKong_0/inst/core/Backend/pipeStage6_io_right_bits_offset[27]} {system_top_i/rv_system/WuKong_0/inst/core/Backend/pipeStage6_io_right_bits_offset[28]} {system_top_i/rv_system/WuKong_0/inst/core/Backend/pipeStage6_io_right_bits_offset[29]} {system_top_i/rv_system/WuKong_0/inst/core/Backend/pipeStage6_io_right_bits_offset[30]} {system_top_i/rv_system/WuKong_0/inst/core/Backend/pipeStage6_io_right_bits_offset[31]} {system_top_i/rv_system/WuKong_0/inst/core/Backend/pipeStage6_io_right_bits_offset[32]} {system_top_i/rv_system/WuKong_0/inst/core/Backend/pipeStage6_io_right_bits_offset[33]} {system_top_i/rv_system/WuKong_0/inst/core/Backend/pipeStage6_io_right_bits_offset[34]} {system_top_i/rv_system/WuKong_0/inst/core/Backend/pipeStage6_io_right_bits_offset[35]} {system_top_i/rv_system/WuKong_0/inst/core/Backend/pipeStage6_io_right_bits_offset[36]} {system_top_i/rv_system/WuKong_0/inst/core/Backend/pipeStage6_io_right_bits_offset[37]} {system_top_i/rv_system/WuKong_0/inst/core/Backend/pipeStage6_io_right_bits_offset[38]} {system_top_i/rv_system/WuKong_0/inst/core/Backend/pipeStage6_io_right_bits_offset[39]} {system_top_i/rv_system/WuKong_0/inst/core/Backend/pipeStage6_io_right_bits_offset[40]} {system_top_i/rv_system/WuKong_0/inst/core/Backend/pipeStage6_io_right_bits_offset[41]} {system_top_i/rv_system/WuKong_0/inst/core/Backend/pipeStage6_io_right_bits_offset[42]} {system_top_i/rv_system/WuKong_0/inst/core/Backend/pipeStage6_io_right_bits_offset[43]} {system_top_i/rv_system/WuKong_0/inst/core/Backend/pipeStage6_io_right_bits_offset[44]} {system_top_i/rv_system/WuKong_0/inst/core/Backend/pipeStage6_io_right_bits_offset[45]} {system_top_i/rv_system/WuKong_0/inst/core/Backend/pipeStage6_io_right_bits_offset[46]} {system_top_i/rv_system/WuKong_0/inst/core/Backend/pipeStage6_io_right_bits_offset[47]} {system_top_i/rv_system/WuKong_0/inst/core/Backend/pipeStage6_io_right_bits_offset[48]} {system_top_i/rv_system/WuKong_0/inst/core/Backend/pipeStage6_io_right_bits_offset[49]} {system_top_i/rv_system/WuKong_0/inst/core/Backend/pipeStage6_io_right_bits_offset[50]} {system_top_i/rv_system/WuKong_0/inst/core/Backend/pipeStage6_io_right_bits_offset[51]} {system_top_i/rv_system/WuKong_0/inst/core/Backend/pipeStage6_io_right_bits_offset[52]} {system_top_i/rv_system/WuKong_0/inst/core/Backend/pipeStage6_io_right_bits_offset[53]} {system_top_i/rv_system/WuKong_0/inst/core/Backend/pipeStage6_io_right_bits_offset[54]} {system_top_i/rv_system/WuKong_0/inst/core/Backend/pipeStage6_io_right_bits_offset[55]} {system_top_i/rv_system/WuKong_0/inst/core/Backend/pipeStage6_io_right_bits_offset[56]} {system_top_i/rv_system/WuKong_0/inst/core/Backend/pipeStage6_io_right_bits_offset[57]} {system_top_i/rv_system/WuKong_0/inst/core/Backend/pipeStage6_io_right_bits_offset[58]} {system_top_i/rv_system/WuKong_0/inst/core/Backend/pipeStage6_io_right_bits_offset[59]} {system_top_i/rv_system/WuKong_0/inst/core/Backend/pipeStage6_io_right_bits_offset[60]} {system_top_i/rv_system/WuKong_0/inst/core/Backend/pipeStage6_io_right_bits_offset[61]} {system_top_i/rv_system/WuKong_0/inst/core/Backend/pipeStage6_io_right_bits_offset[62]} {system_top_i/rv_system/WuKong_0/inst/core/Backend/pipeStage6_io_right_bits_offset[63]} ]]
create_debug_port u_ila_0 probe
set_property port_width 39 [get_debug_ports u_ila_0/probe3]
set_property PROBE_TYPE DATA_AND_TRIGGER [get_debug_ports u_ila_0/probe3]
connect_debug_port u_ila_0/probe3 [get_nets [list {system_top_i/rv_system/WuKong_0/inst/core/Backend/io_redirectOut_target[0]} {system_top_i/rv_system/WuKong_0/inst/core/Backend/io_redirectOut_target[1]} {system_top_i/rv_system/WuKong_0/inst/core/Backend/io_redirectOut_target[2]} {system_top_i/rv_system/WuKong_0/inst/core/Backend/io_redirectOut_target[3]} {system_top_i/rv_system/WuKong_0/inst/core/Backend/io_redirectOut_target[4]} {system_top_i/rv_system/WuKong_0/inst/core/Backend/io_redirectOut_target[5]} {system_top_i/rv_system/WuKong_0/inst/core/Backend/io_redirectOut_target[6]} {system_top_i/rv_system/WuKong_0/inst/core/Backend/io_redirectOut_target[7]} {system_top_i/rv_system/WuKong_0/inst/core/Backend/io_redirectOut_target[8]} {system_top_i/rv_system/WuKong_0/inst/core/Backend/io_redirectOut_target[9]} {system_top_i/rv_system/WuKong_0/inst/core/Backend/io_redirectOut_target[10]} {system_top_i/rv_system/WuKong_0/inst/core/Backend/io_redirectOut_target[11]} {system_top_i/rv_system/WuKong_0/inst/core/Backend/io_redirectOut_target[12]} {system_top_i/rv_system/WuKong_0/inst/core/Backend/io_redirectOut_target[13]} {system_top_i/rv_system/WuKong_0/inst/core/Backend/io_redirectOut_target[14]} {system_top_i/rv_system/WuKong_0/inst/core/Backend/io_redirectOut_target[15]} {system_top_i/rv_system/WuKong_0/inst/core/Backend/io_redirectOut_target[16]} {system_top_i/rv_system/WuKong_0/inst/core/Backend/io_redirectOut_target[17]} {system_top_i/rv_system/WuKong_0/inst/core/Backend/io_redirectOut_target[18]} {system_top_i/rv_system/WuKong_0/inst/core/Backend/io_redirectOut_target[19]} {system_top_i/rv_system/WuKong_0/inst/core/Backend/io_redirectOut_target[20]} {system_top_i/rv_system/WuKong_0/inst/core/Backend/io_redirectOut_target[21]} {system_top_i/rv_system/WuKong_0/inst/core/Backend/io_redirectOut_target[22]} {system_top_i/rv_system/WuKong_0/inst/core/Backend/io_redirectOut_target[23]} {system_top_i/rv_system/WuKong_0/inst/core/Backend/io_redirectOut_target[24]} {system_top_i/rv_system/WuKong_0/inst/core/Backend/io_redirectOut_target[25]} {system_top_i/rv_system/WuKong_0/inst/core/Backend/io_redirectOut_target[26]} {system_top_i/rv_system/WuKong_0/inst/core/Backend/io_redirectOut_target[27]} {system_top_i/rv_system/WuKong_0/inst/core/Backend/io_redirectOut_target[28]} {system_top_i/rv_system/WuKong_0/inst/core/Backend/io_redirectOut_target[29]} {system_top_i/rv_system/WuKong_0/inst/core/Backend/io_redirectOut_target[30]} {system_top_i/rv_system/WuKong_0/inst/core/Backend/io_redirectOut_target[31]} {system_top_i/rv_system/WuKong_0/inst/core/Backend/io_redirectOut_target[32]} {system_top_i/rv_system/WuKong_0/inst/core/Backend/io_redirectOut_target[33]} {system_top_i/rv_system/WuKong_0/inst/core/Backend/io_redirectOut_target[34]} {system_top_i/rv_system/WuKong_0/inst/core/Backend/io_redirectOut_target[35]} {system_top_i/rv_system/WuKong_0/inst/core/Backend/io_redirectOut_target[36]} {system_top_i/rv_system/WuKong_0/inst/core/Backend/io_redirectOut_target[37]} {system_top_i/rv_system/WuKong_0/inst/core/Backend/io_redirectOut_target[38]} ]]
create_debug_port u_ila_0 probe
set_property port_width 7 [get_debug_ports u_ila_0/probe4]
set_property PROBE_TYPE DATA_AND_TRIGGER [get_debug_ports u_ila_0/probe4]
connect_debug_port u_ila_0/probe4 [get_nets [list {system_top_i/rv_system/WuKong_0/inst/core/Backend/pipeStage7_io_right_bits_fuOpType[0]} {system_top_i/rv_system/WuKong_0/inst/core/Backend/pipeStage7_io_right_bits_fuOpType[1]} {system_top_i/rv_system/WuKong_0/inst/core/Backend/pipeStage7_io_right_bits_fuOpType[2]} {system_top_i/rv_system/WuKong_0/inst/core/Backend/pipeStage7_io_right_bits_fuOpType[3]} {system_top_i/rv_system/WuKong_0/inst/core/Backend/pipeStage7_io_right_bits_fuOpType[4]} {system_top_i/rv_system/WuKong_0/inst/core/Backend/pipeStage7_io_right_bits_fuOpType[5]} {system_top_i/rv_system/WuKong_0/inst/core/Backend/pipeStage7_io_right_bits_fuOpType[6]} ]]
create_debug_port u_ila_0 probe
set_property port_width 64 [get_debug_ports u_ila_0/probe5]
set_property PROBE_TYPE DATA_AND_TRIGGER [get_debug_ports u_ila_0/probe5]
connect_debug_port u_ila_0/probe5 [get_nets [list {system_top_i/rv_system/WuKong_0/inst/core/Backend/pipeStage7_io_right_bits_rd[0]} {system_top_i/rv_system/WuKong_0/inst/core/Backend/pipeStage7_io_right_bits_rd[1]} {system_top_i/rv_system/WuKong_0/inst/core/Backend/pipeStage7_io_right_bits_rd[2]} {system_top_i/rv_system/WuKong_0/inst/core/Backend/pipeStage7_io_right_bits_rd[3]} {system_top_i/rv_system/WuKong_0/inst/core/Backend/pipeStage7_io_right_bits_rd[4]} {system_top_i/rv_system/WuKong_0/inst/core/Backend/pipeStage7_io_right_bits_rd[5]} {system_top_i/rv_system/WuKong_0/inst/core/Backend/pipeStage7_io_right_bits_rd[6]} {system_top_i/rv_system/WuKong_0/inst/core/Backend/pipeStage7_io_right_bits_rd[7]} {system_top_i/rv_system/WuKong_0/inst/core/Backend/pipeStage7_io_right_bits_rd[8]} {system_top_i/rv_system/WuKong_0/inst/core/Backend/pipeStage7_io_right_bits_rd[9]} {system_top_i/rv_system/WuKong_0/inst/core/Backend/pipeStage7_io_right_bits_rd[10]} {system_top_i/rv_system/WuKong_0/inst/core/Backend/pipeStage7_io_right_bits_rd[11]} {system_top_i/rv_system/WuKong_0/inst/core/Backend/pipeStage7_io_right_bits_rd[12]} {system_top_i/rv_system/WuKong_0/inst/core/Backend/pipeStage7_io_right_bits_rd[13]} {system_top_i/rv_system/WuKong_0/inst/core/Backend/pipeStage7_io_right_bits_rd[14]} {system_top_i/rv_system/WuKong_0/inst/core/Backend/pipeStage7_io_right_bits_rd[15]} {system_top_i/rv_system/WuKong_0/inst/core/Backend/pipeStage7_io_right_bits_rd[16]} {system_top_i/rv_system/WuKong_0/inst/core/Backend/pipeStage7_io_right_bits_rd[17]} {system_top_i/rv_system/WuKong_0/inst/core/Backend/pipeStage7_io_right_bits_rd[18]} {system_top_i/rv_system/WuKong_0/inst/core/Backend/pipeStage7_io_right_bits_rd[19]} {system_top_i/rv_system/WuKong_0/inst/core/Backend/pipeStage7_io_right_bits_rd[20]} {system_top_i/rv_system/WuKong_0/inst/core/Backend/pipeStage7_io_right_bits_rd[21]} {system_top_i/rv_system/WuKong_0/inst/core/Backend/pipeStage7_io_right_bits_rd[22]} {system_top_i/rv_system/WuKong_0/inst/core/Backend/pipeStage7_io_right_bits_rd[23]} {system_top_i/rv_system/WuKong_0/inst/core/Backend/pipeStage7_io_right_bits_rd[24]} {system_top_i/rv_system/WuKong_0/inst/core/Backend/pipeStage7_io_right_bits_rd[25]} {system_top_i/rv_system/WuKong_0/inst/core/Backend/pipeStage7_io_right_bits_rd[26]} {system_top_i/rv_system/WuKong_0/inst/core/Backend/pipeStage7_io_right_bits_rd[27]} {system_top_i/rv_system/WuKong_0/inst/core/Backend/pipeStage7_io_right_bits_rd[28]} {system_top_i/rv_system/WuKong_0/inst/core/Backend/pipeStage7_io_right_bits_rd[29]} {system_top_i/rv_system/WuKong_0/inst/core/Backend/pipeStage7_io_right_bits_rd[30]} {system_top_i/rv_system/WuKong_0/inst/core/Backend/pipeStage7_io_right_bits_rd[31]} {system_top_i/rv_system/WuKong_0/inst/core/Backend/pipeStage7_io_right_bits_rd[32]} {system_top_i/rv_system/WuKong_0/inst/core/Backend/pipeStage7_io_right_bits_rd[33]} {system_top_i/rv_system/WuKong_0/inst/core/Backend/pipeStage7_io_right_bits_rd[34]} {system_top_i/rv_system/WuKong_0/inst/core/Backend/pipeStage7_io_right_bits_rd[35]} {system_top_i/rv_system/WuKong_0/inst/core/Backend/pipeStage7_io_right_bits_rd[36]} {system_top_i/rv_system/WuKong_0/inst/core/Backend/pipeStage7_io_right_bits_rd[37]} {system_top_i/rv_system/WuKong_0/inst/core/Backend/pipeStage7_io_right_bits_rd[38]} {system_top_i/rv_system/WuKong_0/inst/core/Backend/pipeStage7_io_right_bits_rd[39]} {system_top_i/rv_system/WuKong_0/inst/core/Backend/pipeStage7_io_right_bits_rd[40]} {system_top_i/rv_system/WuKong_0/inst/core/Backend/pipeStage7_io_right_bits_rd[41]} {system_top_i/rv_system/WuKong_0/inst/core/Backend/pipeStage7_io_right_bits_rd[42]} {system_top_i/rv_system/WuKong_0/inst/core/Backend/pipeStage7_io_right_bits_rd[43]} {system_top_i/rv_system/WuKong_0/inst/core/Backend/pipeStage7_io_right_bits_rd[44]} {system_top_i/rv_system/WuKong_0/inst/core/Backend/pipeStage7_io_right_bits_rd[45]} {system_top_i/rv_system/WuKong_0/inst/core/Backend/pipeStage7_io_right_bits_rd[46]} {system_top_i/rv_system/WuKong_0/inst/core/Backend/pipeStage7_io_right_bits_rd[47]} {system_top_i/rv_system/WuKong_0/inst/core/Backend/pipeStage7_io_right_bits_rd[48]} {system_top_i/rv_system/WuKong_0/inst/core/Backend/pipeStage7_io_right_bits_rd[49]} {system_top_i/rv_system/WuKong_0/inst/core/Backend/pipeStage7_io_right_bits_rd[50]} {system_top_i/rv_system/WuKong_0/inst/core/Backend/pipeStage7_io_right_bits_rd[51]} {system_top_i/rv_system/WuKong_0/inst/core/Backend/pipeStage7_io_right_bits_rd[52]} {system_top_i/rv_system/WuKong_0/inst/core/Backend/pipeStage7_io_right_bits_rd[53]} {system_top_i/rv_system/WuKong_0/inst/core/Backend/pipeStage7_io_right_bits_rd[54]} {system_top_i/rv_system/WuKong_0/inst/core/Backend/pipeStage7_io_right_bits_rd[55]} {system_top_i/rv_system/WuKong_0/inst/core/Backend/pipeStage7_io_right_bits_rd[56]} {system_top_i/rv_system/WuKong_0/inst/core/Backend/pipeStage7_io_right_bits_rd[57]} {system_top_i/rv_system/WuKong_0/inst/core/Backend/pipeStage7_io_right_bits_rd[58]} {system_top_i/rv_system/WuKong_0/inst/core/Backend/pipeStage7_io_right_bits_rd[59]} {system_top_i/rv_system/WuKong_0/inst/core/Backend/pipeStage7_io_right_bits_rd[60]} {system_top_i/rv_system/WuKong_0/inst/core/Backend/pipeStage7_io_right_bits_rd[61]} {system_top_i/rv_system/WuKong_0/inst/core/Backend/pipeStage7_io_right_bits_rd[62]} {system_top_i/rv_system/WuKong_0/inst/core/Backend/pipeStage7_io_right_bits_rd[63]} ]]
create_debug_port u_ila_0 probe
set_property port_width 39 [get_debug_ports u_ila_0/probe6]
set_property PROBE_TYPE DATA_AND_TRIGGER [get_debug_ports u_ila_0/probe6]
connect_debug_port u_ila_0/probe6 [get_nets [list {system_top_i/rv_system/WuKong_0/inst/core/Backend/pipeStage6_io_right_bits_pc[0]} {system_top_i/rv_system/WuKong_0/inst/core/Backend/pipeStage6_io_right_bits_pc[1]} {system_top_i/rv_system/WuKong_0/inst/core/Backend/pipeStage6_io_right_bits_pc[2]} {system_top_i/rv_system/WuKong_0/inst/core/Backend/pipeStage6_io_right_bits_pc[3]} {system_top_i/rv_system/WuKong_0/inst/core/Backend/pipeStage6_io_right_bits_pc[4]} {system_top_i/rv_system/WuKong_0/inst/core/Backend/pipeStage6_io_right_bits_pc[5]} {system_top_i/rv_system/WuKong_0/inst/core/Backend/pipeStage6_io_right_bits_pc[6]} {system_top_i/rv_system/WuKong_0/inst/core/Backend/pipeStage6_io_right_bits_pc[7]} {system_top_i/rv_system/WuKong_0/inst/core/Backend/pipeStage6_io_right_bits_pc[8]} {system_top_i/rv_system/WuKong_0/inst/core/Backend/pipeStage6_io_right_bits_pc[9]} {system_top_i/rv_system/WuKong_0/inst/core/Backend/pipeStage6_io_right_bits_pc[10]} {system_top_i/rv_system/WuKong_0/inst/core/Backend/pipeStage6_io_right_bits_pc[11]} {system_top_i/rv_system/WuKong_0/inst/core/Backend/pipeStage6_io_right_bits_pc[12]} {system_top_i/rv_system/WuKong_0/inst/core/Backend/pipeStage6_io_right_bits_pc[13]} {system_top_i/rv_system/WuKong_0/inst/core/Backend/pipeStage6_io_right_bits_pc[14]} {system_top_i/rv_system/WuKong_0/inst/core/Backend/pipeStage6_io_right_bits_pc[15]} {system_top_i/rv_system/WuKong_0/inst/core/Backend/pipeStage6_io_right_bits_pc[16]} {system_top_i/rv_system/WuKong_0/inst/core/Backend/pipeStage6_io_right_bits_pc[17]} {system_top_i/rv_system/WuKong_0/inst/core/Backend/pipeStage6_io_right_bits_pc[18]} {system_top_i/rv_system/WuKong_0/inst/core/Backend/pipeStage6_io_right_bits_pc[19]} {system_top_i/rv_system/WuKong_0/inst/core/Backend/pipeStage6_io_right_bits_pc[20]} {system_top_i/rv_system/WuKong_0/inst/core/Backend/pipeStage6_io_right_bits_pc[21]} {system_top_i/rv_system/WuKong_0/inst/core/Backend/pipeStage6_io_right_bits_pc[22]} {system_top_i/rv_system/WuKong_0/inst/core/Backend/pipeStage6_io_right_bits_pc[23]} {system_top_i/rv_system/WuKong_0/inst/core/Backend/pipeStage6_io_right_bits_pc[24]} {system_top_i/rv_system/WuKong_0/inst/core/Backend/pipeStage6_io_right_bits_pc[25]} {system_top_i/rv_system/WuKong_0/inst/core/Backend/pipeStage6_io_right_bits_pc[26]} {system_top_i/rv_system/WuKong_0/inst/core/Backend/pipeStage6_io_right_bits_pc[27]} {system_top_i/rv_system/WuKong_0/inst/core/Backend/pipeStage6_io_right_bits_pc[28]} {system_top_i/rv_system/WuKong_0/inst/core/Backend/pipeStage6_io_right_bits_pc[29]} {system_top_i/rv_system/WuKong_0/inst/core/Backend/pipeStage6_io_right_bits_pc[30]} {system_top_i/rv_system/WuKong_0/inst/core/Backend/pipeStage6_io_right_bits_pc[31]} {system_top_i/rv_system/WuKong_0/inst/core/Backend/pipeStage6_io_right_bits_pc[32]} {system_top_i/rv_system/WuKong_0/inst/core/Backend/pipeStage6_io_right_bits_pc[33]} {system_top_i/rv_system/WuKong_0/inst/core/Backend/pipeStage6_io_right_bits_pc[34]} {system_top_i/rv_system/WuKong_0/inst/core/Backend/pipeStage6_io_right_bits_pc[35]} {system_top_i/rv_system/WuKong_0/inst/core/Backend/pipeStage6_io_right_bits_pc[36]} {system_top_i/rv_system/WuKong_0/inst/core/Backend/pipeStage6_io_right_bits_pc[37]} {system_top_i/rv_system/WuKong_0/inst/core/Backend/pipeStage6_io_right_bits_pc[38]} ]]
create_debug_port u_ila_0 probe
set_property port_width 32 [get_debug_ports u_ila_0/probe7]
set_property PROBE_TYPE DATA_AND_TRIGGER [get_debug_ports u_ila_0/probe7]
connect_debug_port u_ila_0/probe7 [get_nets [list {system_top_i/rv_system/WuKong_0/inst/core/Backend/pipeStage7_io_right_bits_instr[0]} {system_top_i/rv_system/WuKong_0/inst/core/Backend/pipeStage7_io_right_bits_instr[1]} {system_top_i/rv_system/WuKong_0/inst/core/Backend/pipeStage7_io_right_bits_instr[2]} {system_top_i/rv_system/WuKong_0/inst/core/Backend/pipeStage7_io_right_bits_instr[3]} {system_top_i/rv_system/WuKong_0/inst/core/Backend/pipeStage7_io_right_bits_instr[4]} {system_top_i/rv_system/WuKong_0/inst/core/Backend/pipeStage7_io_right_bits_instr[5]} {system_top_i/rv_system/WuKong_0/inst/core/Backend/pipeStage7_io_right_bits_instr[6]} {system_top_i/rv_system/WuKong_0/inst/core/Backend/pipeStage7_io_right_bits_instr[7]} {system_top_i/rv_system/WuKong_0/inst/core/Backend/pipeStage7_io_right_bits_instr[8]} {system_top_i/rv_system/WuKong_0/inst/core/Backend/pipeStage7_io_right_bits_instr[9]} {system_top_i/rv_system/WuKong_0/inst/core/Backend/pipeStage7_io_right_bits_instr[10]} {system_top_i/rv_system/WuKong_0/inst/core/Backend/pipeStage7_io_right_bits_instr[11]} {system_top_i/rv_system/WuKong_0/inst/core/Backend/pipeStage7_io_right_bits_instr[12]} {system_top_i/rv_system/WuKong_0/inst/core/Backend/pipeStage7_io_right_bits_instr[13]} {system_top_i/rv_system/WuKong_0/inst/core/Backend/pipeStage7_io_right_bits_instr[14]} {system_top_i/rv_system/WuKong_0/inst/core/Backend/pipeStage7_io_right_bits_instr[15]} {system_top_i/rv_system/WuKong_0/inst/core/Backend/pipeStage7_io_right_bits_instr[16]} {system_top_i/rv_system/WuKong_0/inst/core/Backend/pipeStage7_io_right_bits_instr[17]} {system_top_i/rv_system/WuKong_0/inst/core/Backend/pipeStage7_io_right_bits_instr[18]} {system_top_i/rv_system/WuKong_0/inst/core/Backend/pipeStage7_io_right_bits_instr[19]} {system_top_i/rv_system/WuKong_0/inst/core/Backend/pipeStage7_io_right_bits_instr[20]} {system_top_i/rv_system/WuKong_0/inst/core/Backend/pipeStage7_io_right_bits_instr[21]} {system_top_i/rv_system/WuKong_0/inst/core/Backend/pipeStage7_io_right_bits_instr[22]} {system_top_i/rv_system/WuKong_0/inst/core/Backend/pipeStage7_io_right_bits_instr[23]} {system_top_i/rv_system/WuKong_0/inst/core/Backend/pipeStage7_io_right_bits_instr[24]} {system_top_i/rv_system/WuKong_0/inst/core/Backend/pipeStage7_io_right_bits_instr[25]} {system_top_i/rv_system/WuKong_0/inst/core/Backend/pipeStage7_io_right_bits_instr[26]} {system_top_i/rv_system/WuKong_0/inst/core/Backend/pipeStage7_io_right_bits_instr[27]} {system_top_i/rv_system/WuKong_0/inst/core/Backend/pipeStage7_io_right_bits_instr[28]} {system_top_i/rv_system/WuKong_0/inst/core/Backend/pipeStage7_io_right_bits_instr[29]} {system_top_i/rv_system/WuKong_0/inst/core/Backend/pipeStage7_io_right_bits_instr[30]} {system_top_i/rv_system/WuKong_0/inst/core/Backend/pipeStage7_io_right_bits_instr[31]} ]]
create_debug_port u_ila_0 probe
set_property port_width 64 [get_debug_ports u_ila_0/probe8]
set_property PROBE_TYPE DATA_AND_TRIGGER [get_debug_ports u_ila_0/probe8]
connect_debug_port u_ila_0/probe8 [get_nets [list {system_top_i/rv_system/WuKong_0/inst/core/Backend/pipeStage7_io_right_bits_offset[0]} {system_top_i/rv_system/WuKong_0/inst/core/Backend/pipeStage7_io_right_bits_offset[1]} {system_top_i/rv_system/WuKong_0/inst/core/Backend/pipeStage7_io_right_bits_offset[2]} {system_top_i/rv_system/WuKong_0/inst/core/Backend/pipeStage7_io_right_bits_offset[3]} {system_top_i/rv_system/WuKong_0/inst/core/Backend/pipeStage7_io_right_bits_offset[4]} {system_top_i/rv_system/WuKong_0/inst/core/Backend/pipeStage7_io_right_bits_offset[5]} {system_top_i/rv_system/WuKong_0/inst/core/Backend/pipeStage7_io_right_bits_offset[6]} {system_top_i/rv_system/WuKong_0/inst/core/Backend/pipeStage7_io_right_bits_offset[7]} {system_top_i/rv_system/WuKong_0/inst/core/Backend/pipeStage7_io_right_bits_offset[8]} {system_top_i/rv_system/WuKong_0/inst/core/Backend/pipeStage7_io_right_bits_offset[9]} {system_top_i/rv_system/WuKong_0/inst/core/Backend/pipeStage7_io_right_bits_offset[10]} {system_top_i/rv_system/WuKong_0/inst/core/Backend/pipeStage7_io_right_bits_offset[11]} {system_top_i/rv_system/WuKong_0/inst/core/Backend/pipeStage7_io_right_bits_offset[12]} {system_top_i/rv_system/WuKong_0/inst/core/Backend/pipeStage7_io_right_bits_offset[13]} {system_top_i/rv_system/WuKong_0/inst/core/Backend/pipeStage7_io_right_bits_offset[14]} {system_top_i/rv_system/WuKong_0/inst/core/Backend/pipeStage7_io_right_bits_offset[15]} {system_top_i/rv_system/WuKong_0/inst/core/Backend/pipeStage7_io_right_bits_offset[16]} {system_top_i/rv_system/WuKong_0/inst/core/Backend/pipeStage7_io_right_bits_offset[17]} {system_top_i/rv_system/WuKong_0/inst/core/Backend/pipeStage7_io_right_bits_offset[18]} {system_top_i/rv_system/WuKong_0/inst/core/Backend/pipeStage7_io_right_bits_offset[19]} {system_top_i/rv_system/WuKong_0/inst/core/Backend/pipeStage7_io_right_bits_offset[20]} {system_top_i/rv_system/WuKong_0/inst/core/Backend/pipeStage7_io_right_bits_offset[21]} {system_top_i/rv_system/WuKong_0/inst/core/Backend/pipeStage7_io_right_bits_offset[22]} {system_top_i/rv_system/WuKong_0/inst/core/Backend/pipeStage7_io_right_bits_offset[23]} {system_top_i/rv_system/WuKong_0/inst/core/Backend/pipeStage7_io_right_bits_offset[24]} {system_top_i/rv_system/WuKong_0/inst/core/Backend/pipeStage7_io_right_bits_offset[25]} {system_top_i/rv_system/WuKong_0/inst/core/Backend/pipeStage7_io_right_bits_offset[26]} {system_top_i/rv_system/WuKong_0/inst/core/Backend/pipeStage7_io_right_bits_offset[27]} {system_top_i/rv_system/WuKong_0/inst/core/Backend/pipeStage7_io_right_bits_offset[28]} {system_top_i/rv_system/WuKong_0/inst/core/Backend/pipeStage7_io_right_bits_offset[29]} {system_top_i/rv_system/WuKong_0/inst/core/Backend/pipeStage7_io_right_bits_offset[30]} {system_top_i/rv_system/WuKong_0/inst/core/Backend/pipeStage7_io_right_bits_offset[31]} {system_top_i/rv_system/WuKong_0/inst/core/Backend/pipeStage7_io_right_bits_offset[32]} {system_top_i/rv_system/WuKong_0/inst/core/Backend/pipeStage7_io_right_bits_offset[33]} {system_top_i/rv_system/WuKong_0/inst/core/Backend/pipeStage7_io_right_bits_offset[34]} {system_top_i/rv_system/WuKong_0/inst/core/Backend/pipeStage7_io_right_bits_offset[35]} {system_top_i/rv_system/WuKong_0/inst/core/Backend/pipeStage7_io_right_bits_offset[36]} {system_top_i/rv_system/WuKong_0/inst/core/Backend/pipeStage7_io_right_bits_offset[37]} {system_top_i/rv_system/WuKong_0/inst/core/Backend/pipeStage7_io_right_bits_offset[38]} {system_top_i/rv_system/WuKong_0/inst/core/Backend/pipeStage7_io_right_bits_offset[39]} {system_top_i/rv_system/WuKong_0/inst/core/Backend/pipeStage7_io_right_bits_offset[40]} {system_top_i/rv_system/WuKong_0/inst/core/Backend/pipeStage7_io_right_bits_offset[41]} {system_top_i/rv_system/WuKong_0/inst/core/Backend/pipeStage7_io_right_bits_offset[42]} {system_top_i/rv_system/WuKong_0/inst/core/Backend/pipeStage7_io_right_bits_offset[43]} {system_top_i/rv_system/WuKong_0/inst/core/Backend/pipeStage7_io_right_bits_offset[44]} {system_top_i/rv_system/WuKong_0/inst/core/Backend/pipeStage7_io_right_bits_offset[45]} {system_top_i/rv_system/WuKong_0/inst/core/Backend/pipeStage7_io_right_bits_offset[46]} {system_top_i/rv_system/WuKong_0/inst/core/Backend/pipeStage7_io_right_bits_offset[47]} {system_top_i/rv_system/WuKong_0/inst/core/Backend/pipeStage7_io_right_bits_offset[48]} {system_top_i/rv_system/WuKong_0/inst/core/Backend/pipeStage7_io_right_bits_offset[49]} {system_top_i/rv_system/WuKong_0/inst/core/Backend/pipeStage7_io_right_bits_offset[50]} {system_top_i/rv_system/WuKong_0/inst/core/Backend/pipeStage7_io_right_bits_offset[51]} {system_top_i/rv_system/WuKong_0/inst/core/Backend/pipeStage7_io_right_bits_offset[52]} {system_top_i/rv_system/WuKong_0/inst/core/Backend/pipeStage7_io_right_bits_offset[53]} {system_top_i/rv_system/WuKong_0/inst/core/Backend/pipeStage7_io_right_bits_offset[54]} {system_top_i/rv_system/WuKong_0/inst/core/Backend/pipeStage7_io_right_bits_offset[55]} {system_top_i/rv_system/WuKong_0/inst/core/Backend/pipeStage7_io_right_bits_offset[56]} {system_top_i/rv_system/WuKong_0/inst/core/Backend/pipeStage7_io_right_bits_offset[57]} {system_top_i/rv_system/WuKong_0/inst/core/Backend/pipeStage7_io_right_bits_offset[58]} {system_top_i/rv_system/WuKong_0/inst/core/Backend/pipeStage7_io_right_bits_offset[59]} {system_top_i/rv_system/WuKong_0/inst/core/Backend/pipeStage7_io_right_bits_offset[60]} {system_top_i/rv_system/WuKong_0/inst/core/Backend/pipeStage7_io_right_bits_offset[61]} {system_top_i/rv_system/WuKong_0/inst/core/Backend/pipeStage7_io_right_bits_offset[62]} {system_top_i/rv_system/WuKong_0/inst/core/Backend/pipeStage7_io_right_bits_offset[63]} ]]
create_debug_port u_ila_0 probe
set_property port_width 64 [get_debug_ports u_ila_0/probe9]
set_property PROBE_TYPE DATA_AND_TRIGGER [get_debug_ports u_ila_0/probe9]
connect_debug_port u_ila_0/probe9 [get_nets [list {system_top_i/rv_system/WuKong_0/inst/core/Backend/pipeStage7_io_right_bits_rs1[0]} {system_top_i/rv_system/WuKong_0/inst/core/Backend/pipeStage7_io_right_bits_rs1[1]} {system_top_i/rv_system/WuKong_0/inst/core/Backend/pipeStage7_io_right_bits_rs1[2]} {system_top_i/rv_system/WuKong_0/inst/core/Backend/pipeStage7_io_right_bits_rs1[3]} {system_top_i/rv_system/WuKong_0/inst/core/Backend/pipeStage7_io_right_bits_rs1[4]} {system_top_i/rv_system/WuKong_0/inst/core/Backend/pipeStage7_io_right_bits_rs1[5]} {system_top_i/rv_system/WuKong_0/inst/core/Backend/pipeStage7_io_right_bits_rs1[6]} {system_top_i/rv_system/WuKong_0/inst/core/Backend/pipeStage7_io_right_bits_rs1[7]} {system_top_i/rv_system/WuKong_0/inst/core/Backend/pipeStage7_io_right_bits_rs1[8]} {system_top_i/rv_system/WuKong_0/inst/core/Backend/pipeStage7_io_right_bits_rs1[9]} {system_top_i/rv_system/WuKong_0/inst/core/Backend/pipeStage7_io_right_bits_rs1[10]} {system_top_i/rv_system/WuKong_0/inst/core/Backend/pipeStage7_io_right_bits_rs1[11]} {system_top_i/rv_system/WuKong_0/inst/core/Backend/pipeStage7_io_right_bits_rs1[12]} {system_top_i/rv_system/WuKong_0/inst/core/Backend/pipeStage7_io_right_bits_rs1[13]} {system_top_i/rv_system/WuKong_0/inst/core/Backend/pipeStage7_io_right_bits_rs1[14]} {system_top_i/rv_system/WuKong_0/inst/core/Backend/pipeStage7_io_right_bits_rs1[15]} {system_top_i/rv_system/WuKong_0/inst/core/Backend/pipeStage7_io_right_bits_rs1[16]} {system_top_i/rv_system/WuKong_0/inst/core/Backend/pipeStage7_io_right_bits_rs1[17]} {system_top_i/rv_system/WuKong_0/inst/core/Backend/pipeStage7_io_right_bits_rs1[18]} {system_top_i/rv_system/WuKong_0/inst/core/Backend/pipeStage7_io_right_bits_rs1[19]} {system_top_i/rv_system/WuKong_0/inst/core/Backend/pipeStage7_io_right_bits_rs1[20]} {system_top_i/rv_system/WuKong_0/inst/core/Backend/pipeStage7_io_right_bits_rs1[21]} {system_top_i/rv_system/WuKong_0/inst/core/Backend/pipeStage7_io_right_bits_rs1[22]} {system_top_i/rv_system/WuKong_0/inst/core/Backend/pipeStage7_io_right_bits_rs1[23]} {system_top_i/rv_system/WuKong_0/inst/core/Backend/pipeStage7_io_right_bits_rs1[24]} {system_top_i/rv_system/WuKong_0/inst/core/Backend/pipeStage7_io_right_bits_rs1[25]} {system_top_i/rv_system/WuKong_0/inst/core/Backend/pipeStage7_io_right_bits_rs1[26]} {system_top_i/rv_system/WuKong_0/inst/core/Backend/pipeStage7_io_right_bits_rs1[27]} {system_top_i/rv_system/WuKong_0/inst/core/Backend/pipeStage7_io_right_bits_rs1[28]} {system_top_i/rv_system/WuKong_0/inst/core/Backend/pipeStage7_io_right_bits_rs1[29]} {system_top_i/rv_system/WuKong_0/inst/core/Backend/pipeStage7_io_right_bits_rs1[30]} {system_top_i/rv_system/WuKong_0/inst/core/Backend/pipeStage7_io_right_bits_rs1[31]} {system_top_i/rv_system/WuKong_0/inst/core/Backend/pipeStage7_io_right_bits_rs1[32]} {system_top_i/rv_system/WuKong_0/inst/core/Backend/pipeStage7_io_right_bits_rs1[33]} {system_top_i/rv_system/WuKong_0/inst/core/Backend/pipeStage7_io_right_bits_rs1[34]} {system_top_i/rv_system/WuKong_0/inst/core/Backend/pipeStage7_io_right_bits_rs1[35]} {system_top_i/rv_system/WuKong_0/inst/core/Backend/pipeStage7_io_right_bits_rs1[36]} {system_top_i/rv_system/WuKong_0/inst/core/Backend/pipeStage7_io_right_bits_rs1[37]} {system_top_i/rv_system/WuKong_0/inst/core/Backend/pipeStage7_io_right_bits_rs1[38]} {system_top_i/rv_system/WuKong_0/inst/core/Backend/pipeStage7_io_right_bits_rs1[39]} {system_top_i/rv_system/WuKong_0/inst/core/Backend/pipeStage7_io_right_bits_rs1[40]} {system_top_i/rv_system/WuKong_0/inst/core/Backend/pipeStage7_io_right_bits_rs1[41]} {system_top_i/rv_system/WuKong_0/inst/core/Backend/pipeStage7_io_right_bits_rs1[42]} {system_top_i/rv_system/WuKong_0/inst/core/Backend/pipeStage7_io_right_bits_rs1[43]} {system_top_i/rv_system/WuKong_0/inst/core/Backend/pipeStage7_io_right_bits_rs1[44]} {system_top_i/rv_system/WuKong_0/inst/core/Backend/pipeStage7_io_right_bits_rs1[45]} {system_top_i/rv_system/WuKong_0/inst/core/Backend/pipeStage7_io_right_bits_rs1[46]} {system_top_i/rv_system/WuKong_0/inst/core/Backend/pipeStage7_io_right_bits_rs1[47]} {system_top_i/rv_system/WuKong_0/inst/core/Backend/pipeStage7_io_right_bits_rs1[48]} {system_top_i/rv_system/WuKong_0/inst/core/Backend/pipeStage7_io_right_bits_rs1[49]} {system_top_i/rv_system/WuKong_0/inst/core/Backend/pipeStage7_io_right_bits_rs1[50]} {system_top_i/rv_system/WuKong_0/inst/core/Backend/pipeStage7_io_right_bits_rs1[51]} {system_top_i/rv_system/WuKong_0/inst/core/Backend/pipeStage7_io_right_bits_rs1[52]} {system_top_i/rv_system/WuKong_0/inst/core/Backend/pipeStage7_io_right_bits_rs1[53]} {system_top_i/rv_system/WuKong_0/inst/core/Backend/pipeStage7_io_right_bits_rs1[54]} {system_top_i/rv_system/WuKong_0/inst/core/Backend/pipeStage7_io_right_bits_rs1[55]} {system_top_i/rv_system/WuKong_0/inst/core/Backend/pipeStage7_io_right_bits_rs1[56]} {system_top_i/rv_system/WuKong_0/inst/core/Backend/pipeStage7_io_right_bits_rs1[57]} {system_top_i/rv_system/WuKong_0/inst/core/Backend/pipeStage7_io_right_bits_rs1[58]} {system_top_i/rv_system/WuKong_0/inst/core/Backend/pipeStage7_io_right_bits_rs1[59]} {system_top_i/rv_system/WuKong_0/inst/core/Backend/pipeStage7_io_right_bits_rs1[60]} {system_top_i/rv_system/WuKong_0/inst/core/Backend/pipeStage7_io_right_bits_rs1[61]} {system_top_i/rv_system/WuKong_0/inst/core/Backend/pipeStage7_io_right_bits_rs1[62]} {system_top_i/rv_system/WuKong_0/inst/core/Backend/pipeStage7_io_right_bits_rs1[63]} ]]
create_debug_port u_ila_0 probe
set_property port_width 64 [get_debug_ports u_ila_0/probe10]
set_property PROBE_TYPE DATA_AND_TRIGGER [get_debug_ports u_ila_0/probe10]
connect_debug_port u_ila_0/probe10 [get_nets [list {system_top_i/rv_system/WuKong_0/inst/core/Backend/pipeStage7_io_right_bits_rs2[0]} {system_top_i/rv_system/WuKong_0/inst/core/Backend/pipeStage7_io_right_bits_rs2[1]} {system_top_i/rv_system/WuKong_0/inst/core/Backend/pipeStage7_io_right_bits_rs2[2]} {system_top_i/rv_system/WuKong_0/inst/core/Backend/pipeStage7_io_right_bits_rs2[3]} {system_top_i/rv_system/WuKong_0/inst/core/Backend/pipeStage7_io_right_bits_rs2[4]} {system_top_i/rv_system/WuKong_0/inst/core/Backend/pipeStage7_io_right_bits_rs2[5]} {system_top_i/rv_system/WuKong_0/inst/core/Backend/pipeStage7_io_right_bits_rs2[6]} {system_top_i/rv_system/WuKong_0/inst/core/Backend/pipeStage7_io_right_bits_rs2[7]} {system_top_i/rv_system/WuKong_0/inst/core/Backend/pipeStage7_io_right_bits_rs2[8]} {system_top_i/rv_system/WuKong_0/inst/core/Backend/pipeStage7_io_right_bits_rs2[9]} {system_top_i/rv_system/WuKong_0/inst/core/Backend/pipeStage7_io_right_bits_rs2[10]} {system_top_i/rv_system/WuKong_0/inst/core/Backend/pipeStage7_io_right_bits_rs2[11]} {system_top_i/rv_system/WuKong_0/inst/core/Backend/pipeStage7_io_right_bits_rs2[12]} {system_top_i/rv_system/WuKong_0/inst/core/Backend/pipeStage7_io_right_bits_rs2[13]} {system_top_i/rv_system/WuKong_0/inst/core/Backend/pipeStage7_io_right_bits_rs2[14]} {system_top_i/rv_system/WuKong_0/inst/core/Backend/pipeStage7_io_right_bits_rs2[15]} {system_top_i/rv_system/WuKong_0/inst/core/Backend/pipeStage7_io_right_bits_rs2[16]} {system_top_i/rv_system/WuKong_0/inst/core/Backend/pipeStage7_io_right_bits_rs2[17]} {system_top_i/rv_system/WuKong_0/inst/core/Backend/pipeStage7_io_right_bits_rs2[18]} {system_top_i/rv_system/WuKong_0/inst/core/Backend/pipeStage7_io_right_bits_rs2[19]} {system_top_i/rv_system/WuKong_0/inst/core/Backend/pipeStage7_io_right_bits_rs2[20]} {system_top_i/rv_system/WuKong_0/inst/core/Backend/pipeStage7_io_right_bits_rs2[21]} {system_top_i/rv_system/WuKong_0/inst/core/Backend/pipeStage7_io_right_bits_rs2[22]} {system_top_i/rv_system/WuKong_0/inst/core/Backend/pipeStage7_io_right_bits_rs2[23]} {system_top_i/rv_system/WuKong_0/inst/core/Backend/pipeStage7_io_right_bits_rs2[24]} {system_top_i/rv_system/WuKong_0/inst/core/Backend/pipeStage7_io_right_bits_rs2[25]} {system_top_i/rv_system/WuKong_0/inst/core/Backend/pipeStage7_io_right_bits_rs2[26]} {system_top_i/rv_system/WuKong_0/inst/core/Backend/pipeStage7_io_right_bits_rs2[27]} {system_top_i/rv_system/WuKong_0/inst/core/Backend/pipeStage7_io_right_bits_rs2[28]} {system_top_i/rv_system/WuKong_0/inst/core/Backend/pipeStage7_io_right_bits_rs2[29]} {system_top_i/rv_system/WuKong_0/inst/core/Backend/pipeStage7_io_right_bits_rs2[30]} {system_top_i/rv_system/WuKong_0/inst/core/Backend/pipeStage7_io_right_bits_rs2[31]} {system_top_i/rv_system/WuKong_0/inst/core/Backend/pipeStage7_io_right_bits_rs2[32]} {system_top_i/rv_system/WuKong_0/inst/core/Backend/pipeStage7_io_right_bits_rs2[33]} {system_top_i/rv_system/WuKong_0/inst/core/Backend/pipeStage7_io_right_bits_rs2[34]} {system_top_i/rv_system/WuKong_0/inst/core/Backend/pipeStage7_io_right_bits_rs2[35]} {system_top_i/rv_system/WuKong_0/inst/core/Backend/pipeStage7_io_right_bits_rs2[36]} {system_top_i/rv_system/WuKong_0/inst/core/Backend/pipeStage7_io_right_bits_rs2[37]} {system_top_i/rv_system/WuKong_0/inst/core/Backend/pipeStage7_io_right_bits_rs2[38]} {system_top_i/rv_system/WuKong_0/inst/core/Backend/pipeStage7_io_right_bits_rs2[39]} {system_top_i/rv_system/WuKong_0/inst/core/Backend/pipeStage7_io_right_bits_rs2[40]} {system_top_i/rv_system/WuKong_0/inst/core/Backend/pipeStage7_io_right_bits_rs2[41]} {system_top_i/rv_system/WuKong_0/inst/core/Backend/pipeStage7_io_right_bits_rs2[42]} {system_top_i/rv_system/WuKong_0/inst/core/Backend/pipeStage7_io_right_bits_rs2[43]} {system_top_i/rv_system/WuKong_0/inst/core/Backend/pipeStage7_io_right_bits_rs2[44]} {system_top_i/rv_system/WuKong_0/inst/core/Backend/pipeStage7_io_right_bits_rs2[45]} {system_top_i/rv_system/WuKong_0/inst/core/Backend/pipeStage7_io_right_bits_rs2[46]} {system_top_i/rv_system/WuKong_0/inst/core/Backend/pipeStage7_io_right_bits_rs2[47]} {system_top_i/rv_system/WuKong_0/inst/core/Backend/pipeStage7_io_right_bits_rs2[48]} {system_top_i/rv_system/WuKong_0/inst/core/Backend/pipeStage7_io_right_bits_rs2[49]} {system_top_i/rv_system/WuKong_0/inst/core/Backend/pipeStage7_io_right_bits_rs2[50]} {system_top_i/rv_system/WuKong_0/inst/core/Backend/pipeStage7_io_right_bits_rs2[51]} {system_top_i/rv_system/WuKong_0/inst/core/Backend/pipeStage7_io_right_bits_rs2[52]} {system_top_i/rv_system/WuKong_0/inst/core/Backend/pipeStage7_io_right_bits_rs2[53]} {system_top_i/rv_system/WuKong_0/inst/core/Backend/pipeStage7_io_right_bits_rs2[54]} {system_top_i/rv_system/WuKong_0/inst/core/Backend/pipeStage7_io_right_bits_rs2[55]} {system_top_i/rv_system/WuKong_0/inst/core/Backend/pipeStage7_io_right_bits_rs2[56]} {system_top_i/rv_system/WuKong_0/inst/core/Backend/pipeStage7_io_right_bits_rs2[57]} {system_top_i/rv_system/WuKong_0/inst/core/Backend/pipeStage7_io_right_bits_rs2[58]} {system_top_i/rv_system/WuKong_0/inst/core/Backend/pipeStage7_io_right_bits_rs2[59]} {system_top_i/rv_system/WuKong_0/inst/core/Backend/pipeStage7_io_right_bits_rs2[60]} {system_top_i/rv_system/WuKong_0/inst/core/Backend/pipeStage7_io_right_bits_rs2[61]} {system_top_i/rv_system/WuKong_0/inst/core/Backend/pipeStage7_io_right_bits_rs2[62]} {system_top_i/rv_system/WuKong_0/inst/core/Backend/pipeStage7_io_right_bits_rs2[63]} ]]
create_debug_port u_ila_0 probe
set_property port_width 64 [get_debug_ports u_ila_0/probe11]
set_property PROBE_TYPE DATA_AND_TRIGGER [get_debug_ports u_ila_0/probe11]
connect_debug_port u_ila_0/probe11 [get_nets [list {system_top_i/rv_system/WuKong_0/inst/core/Backend/LSU/io_in_1_bits_src2[0]} {system_top_i/rv_system/WuKong_0/inst/core/Backend/LSU/io_in_1_bits_src2[1]} {system_top_i/rv_system/WuKong_0/inst/core/Backend/LSU/io_in_1_bits_src2[2]} {system_top_i/rv_system/WuKong_0/inst/core/Backend/LSU/io_in_1_bits_src2[3]} {system_top_i/rv_system/WuKong_0/inst/core/Backend/LSU/io_in_1_bits_src2[4]} {system_top_i/rv_system/WuKong_0/inst/core/Backend/LSU/io_in_1_bits_src2[5]} {system_top_i/rv_system/WuKong_0/inst/core/Backend/LSU/io_in_1_bits_src2[6]} {system_top_i/rv_system/WuKong_0/inst/core/Backend/LSU/io_in_1_bits_src2[7]} {system_top_i/rv_system/WuKong_0/inst/core/Backend/LSU/io_in_1_bits_src2[8]} {system_top_i/rv_system/WuKong_0/inst/core/Backend/LSU/io_in_1_bits_src2[9]} {system_top_i/rv_system/WuKong_0/inst/core/Backend/LSU/io_in_1_bits_src2[10]} {system_top_i/rv_system/WuKong_0/inst/core/Backend/LSU/io_in_1_bits_src2[11]} {system_top_i/rv_system/WuKong_0/inst/core/Backend/LSU/io_in_1_bits_src2[12]} {system_top_i/rv_system/WuKong_0/inst/core/Backend/LSU/io_in_1_bits_src2[13]} {system_top_i/rv_system/WuKong_0/inst/core/Backend/LSU/io_in_1_bits_src2[14]} {system_top_i/rv_system/WuKong_0/inst/core/Backend/LSU/io_in_1_bits_src2[15]} {system_top_i/rv_system/WuKong_0/inst/core/Backend/LSU/io_in_1_bits_src2[16]} {system_top_i/rv_system/WuKong_0/inst/core/Backend/LSU/io_in_1_bits_src2[17]} {system_top_i/rv_system/WuKong_0/inst/core/Backend/LSU/io_in_1_bits_src2[18]} {system_top_i/rv_system/WuKong_0/inst/core/Backend/LSU/io_in_1_bits_src2[19]} {system_top_i/rv_system/WuKong_0/inst/core/Backend/LSU/io_in_1_bits_src2[20]} {system_top_i/rv_system/WuKong_0/inst/core/Backend/LSU/io_in_1_bits_src2[21]} {system_top_i/rv_system/WuKong_0/inst/core/Backend/LSU/io_in_1_bits_src2[22]} {system_top_i/rv_system/WuKong_0/inst/core/Backend/LSU/io_in_1_bits_src2[23]} {system_top_i/rv_system/WuKong_0/inst/core/Backend/LSU/io_in_1_bits_src2[24]} {system_top_i/rv_system/WuKong_0/inst/core/Backend/LSU/io_in_1_bits_src2[25]} {system_top_i/rv_system/WuKong_0/inst/core/Backend/LSU/io_in_1_bits_src2[26]} {system_top_i/rv_system/WuKong_0/inst/core/Backend/LSU/io_in_1_bits_src2[27]} {system_top_i/rv_system/WuKong_0/inst/core/Backend/LSU/io_in_1_bits_src2[28]} {system_top_i/rv_system/WuKong_0/inst/core/Backend/LSU/io_in_1_bits_src2[29]} {system_top_i/rv_system/WuKong_0/inst/core/Backend/LSU/io_in_1_bits_src2[30]} {system_top_i/rv_system/WuKong_0/inst/core/Backend/LSU/io_in_1_bits_src2[31]} {system_top_i/rv_system/WuKong_0/inst/core/Backend/LSU/io_in_1_bits_src2[32]} {system_top_i/rv_system/WuKong_0/inst/core/Backend/LSU/io_in_1_bits_src2[33]} {system_top_i/rv_system/WuKong_0/inst/core/Backend/LSU/io_in_1_bits_src2[34]} {system_top_i/rv_system/WuKong_0/inst/core/Backend/LSU/io_in_1_bits_src2[35]} {system_top_i/rv_system/WuKong_0/inst/core/Backend/LSU/io_in_1_bits_src2[36]} {system_top_i/rv_system/WuKong_0/inst/core/Backend/LSU/io_in_1_bits_src2[37]} {system_top_i/rv_system/WuKong_0/inst/core/Backend/LSU/io_in_1_bits_src2[38]} {system_top_i/rv_system/WuKong_0/inst/core/Backend/LSU/io_in_1_bits_src2[39]} {system_top_i/rv_system/WuKong_0/inst/core/Backend/LSU/io_in_1_bits_src2[40]} {system_top_i/rv_system/WuKong_0/inst/core/Backend/LSU/io_in_1_bits_src2[41]} {system_top_i/rv_system/WuKong_0/inst/core/Backend/LSU/io_in_1_bits_src2[42]} {system_top_i/rv_system/WuKong_0/inst/core/Backend/LSU/io_in_1_bits_src2[43]} {system_top_i/rv_system/WuKong_0/inst/core/Backend/LSU/io_in_1_bits_src2[44]} {system_top_i/rv_system/WuKong_0/inst/core/Backend/LSU/io_in_1_bits_src2[45]} {system_top_i/rv_system/WuKong_0/inst/core/Backend/LSU/io_in_1_bits_src2[46]} {system_top_i/rv_system/WuKong_0/inst/core/Backend/LSU/io_in_1_bits_src2[47]} {system_top_i/rv_system/WuKong_0/inst/core/Backend/LSU/io_in_1_bits_src2[48]} {system_top_i/rv_system/WuKong_0/inst/core/Backend/LSU/io_in_1_bits_src2[49]} {system_top_i/rv_system/WuKong_0/inst/core/Backend/LSU/io_in_1_bits_src2[50]} {system_top_i/rv_system/WuKong_0/inst/core/Backend/LSU/io_in_1_bits_src2[51]} {system_top_i/rv_system/WuKong_0/inst/core/Backend/LSU/io_in_1_bits_src2[52]} {system_top_i/rv_system/WuKong_0/inst/core/Backend/LSU/io_in_1_bits_src2[53]} {system_top_i/rv_system/WuKong_0/inst/core/Backend/LSU/io_in_1_bits_src2[54]} {system_top_i/rv_system/WuKong_0/inst/core/Backend/LSU/io_in_1_bits_src2[55]} {system_top_i/rv_system/WuKong_0/inst/core/Backend/LSU/io_in_1_bits_src2[56]} {system_top_i/rv_system/WuKong_0/inst/core/Backend/LSU/io_in_1_bits_src2[57]} {system_top_i/rv_system/WuKong_0/inst/core/Backend/LSU/io_in_1_bits_src2[58]} {system_top_i/rv_system/WuKong_0/inst/core/Backend/LSU/io_in_1_bits_src2[59]} {system_top_i/rv_system/WuKong_0/inst/core/Backend/LSU/io_in_1_bits_src2[60]} {system_top_i/rv_system/WuKong_0/inst/core/Backend/LSU/io_in_1_bits_src2[61]} {system_top_i/rv_system/WuKong_0/inst/core/Backend/LSU/io_in_1_bits_src2[62]} {system_top_i/rv_system/WuKong_0/inst/core/Backend/LSU/io_in_1_bits_src2[63]} ]]
create_debug_port u_ila_0 probe
set_property port_width 64 [get_debug_ports u_ila_0/probe12]
set_property PROBE_TYPE DATA_AND_TRIGGER [get_debug_ports u_ila_0/probe12]
connect_debug_port u_ila_0/probe12 [get_nets [list {system_top_i/rv_system/WuKong_0/inst/core/Backend/LSU/io_in_1_bits_src1[0]} {system_top_i/rv_system/WuKong_0/inst/core/Backend/LSU/io_in_1_bits_src1[1]} {system_top_i/rv_system/WuKong_0/inst/core/Backend/LSU/io_in_1_bits_src1[2]} {system_top_i/rv_system/WuKong_0/inst/core/Backend/LSU/io_in_1_bits_src1[3]} {system_top_i/rv_system/WuKong_0/inst/core/Backend/LSU/io_in_1_bits_src1[4]} {system_top_i/rv_system/WuKong_0/inst/core/Backend/LSU/io_in_1_bits_src1[5]} {system_top_i/rv_system/WuKong_0/inst/core/Backend/LSU/io_in_1_bits_src1[6]} {system_top_i/rv_system/WuKong_0/inst/core/Backend/LSU/io_in_1_bits_src1[7]} {system_top_i/rv_system/WuKong_0/inst/core/Backend/LSU/io_in_1_bits_src1[8]} {system_top_i/rv_system/WuKong_0/inst/core/Backend/LSU/io_in_1_bits_src1[9]} {system_top_i/rv_system/WuKong_0/inst/core/Backend/LSU/io_in_1_bits_src1[10]} {system_top_i/rv_system/WuKong_0/inst/core/Backend/LSU/io_in_1_bits_src1[11]} {system_top_i/rv_system/WuKong_0/inst/core/Backend/LSU/io_in_1_bits_src1[12]} {system_top_i/rv_system/WuKong_0/inst/core/Backend/LSU/io_in_1_bits_src1[13]} {system_top_i/rv_system/WuKong_0/inst/core/Backend/LSU/io_in_1_bits_src1[14]} {system_top_i/rv_system/WuKong_0/inst/core/Backend/LSU/io_in_1_bits_src1[15]} {system_top_i/rv_system/WuKong_0/inst/core/Backend/LSU/io_in_1_bits_src1[16]} {system_top_i/rv_system/WuKong_0/inst/core/Backend/LSU/io_in_1_bits_src1[17]} {system_top_i/rv_system/WuKong_0/inst/core/Backend/LSU/io_in_1_bits_src1[18]} {system_top_i/rv_system/WuKong_0/inst/core/Backend/LSU/io_in_1_bits_src1[19]} {system_top_i/rv_system/WuKong_0/inst/core/Backend/LSU/io_in_1_bits_src1[20]} {system_top_i/rv_system/WuKong_0/inst/core/Backend/LSU/io_in_1_bits_src1[21]} {system_top_i/rv_system/WuKong_0/inst/core/Backend/LSU/io_in_1_bits_src1[22]} {system_top_i/rv_system/WuKong_0/inst/core/Backend/LSU/io_in_1_bits_src1[23]} {system_top_i/rv_system/WuKong_0/inst/core/Backend/LSU/io_in_1_bits_src1[24]} {system_top_i/rv_system/WuKong_0/inst/core/Backend/LSU/io_in_1_bits_src1[25]} {system_top_i/rv_system/WuKong_0/inst/core/Backend/LSU/io_in_1_bits_src1[26]} {system_top_i/rv_system/WuKong_0/inst/core/Backend/LSU/io_in_1_bits_src1[27]} {system_top_i/rv_system/WuKong_0/inst/core/Backend/LSU/io_in_1_bits_src1[28]} {system_top_i/rv_system/WuKong_0/inst/core/Backend/LSU/io_in_1_bits_src1[29]} {system_top_i/rv_system/WuKong_0/inst/core/Backend/LSU/io_in_1_bits_src1[30]} {system_top_i/rv_system/WuKong_0/inst/core/Backend/LSU/io_in_1_bits_src1[31]} {system_top_i/rv_system/WuKong_0/inst/core/Backend/LSU/io_in_1_bits_src1[32]} {system_top_i/rv_system/WuKong_0/inst/core/Backend/LSU/io_in_1_bits_src1[33]} {system_top_i/rv_system/WuKong_0/inst/core/Backend/LSU/io_in_1_bits_src1[34]} {system_top_i/rv_system/WuKong_0/inst/core/Backend/LSU/io_in_1_bits_src1[35]} {system_top_i/rv_system/WuKong_0/inst/core/Backend/LSU/io_in_1_bits_src1[36]} {system_top_i/rv_system/WuKong_0/inst/core/Backend/LSU/io_in_1_bits_src1[37]} {system_top_i/rv_system/WuKong_0/inst/core/Backend/LSU/io_in_1_bits_src1[38]} {system_top_i/rv_system/WuKong_0/inst/core/Backend/LSU/io_in_1_bits_src1[39]} {system_top_i/rv_system/WuKong_0/inst/core/Backend/LSU/io_in_1_bits_src1[40]} {system_top_i/rv_system/WuKong_0/inst/core/Backend/LSU/io_in_1_bits_src1[41]} {system_top_i/rv_system/WuKong_0/inst/core/Backend/LSU/io_in_1_bits_src1[42]} {system_top_i/rv_system/WuKong_0/inst/core/Backend/LSU/io_in_1_bits_src1[43]} {system_top_i/rv_system/WuKong_0/inst/core/Backend/LSU/io_in_1_bits_src1[44]} {system_top_i/rv_system/WuKong_0/inst/core/Backend/LSU/io_in_1_bits_src1[45]} {system_top_i/rv_system/WuKong_0/inst/core/Backend/LSU/io_in_1_bits_src1[46]} {system_top_i/rv_system/WuKong_0/inst/core/Backend/LSU/io_in_1_bits_src1[47]} {system_top_i/rv_system/WuKong_0/inst/core/Backend/LSU/io_in_1_bits_src1[48]} {system_top_i/rv_system/WuKong_0/inst/core/Backend/LSU/io_in_1_bits_src1[49]} {system_top_i/rv_system/WuKong_0/inst/core/Backend/LSU/io_in_1_bits_src1[50]} {system_top_i/rv_system/WuKong_0/inst/core/Backend/LSU/io_in_1_bits_src1[51]} {system_top_i/rv_system/WuKong_0/inst/core/Backend/LSU/io_in_1_bits_src1[52]} {system_top_i/rv_system/WuKong_0/inst/core/Backend/LSU/io_in_1_bits_src1[53]} {system_top_i/rv_system/WuKong_0/inst/core/Backend/LSU/io_in_1_bits_src1[54]} {system_top_i/rv_system/WuKong_0/inst/core/Backend/LSU/io_in_1_bits_src1[55]} {system_top_i/rv_system/WuKong_0/inst/core/Backend/LSU/io_in_1_bits_src1[56]} {system_top_i/rv_system/WuKong_0/inst/core/Backend/LSU/io_in_1_bits_src1[57]} {system_top_i/rv_system/WuKong_0/inst/core/Backend/LSU/io_in_1_bits_src1[58]} {system_top_i/rv_system/WuKong_0/inst/core/Backend/LSU/io_in_1_bits_src1[59]} {system_top_i/rv_system/WuKong_0/inst/core/Backend/LSU/io_in_1_bits_src1[60]} {system_top_i/rv_system/WuKong_0/inst/core/Backend/LSU/io_in_1_bits_src1[61]} {system_top_i/rv_system/WuKong_0/inst/core/Backend/LSU/io_in_1_bits_src1[62]} {system_top_i/rv_system/WuKong_0/inst/core/Backend/LSU/io_in_1_bits_src1[63]} ]]
create_debug_port u_ila_0 probe
set_property port_width 64 [get_debug_ports u_ila_0/probe13]
set_property PROBE_TYPE DATA_AND_TRIGGER [get_debug_ports u_ila_0/probe13]
connect_debug_port u_ila_0/probe13 [get_nets [list {system_top_i/rv_system/WuKong_0/inst/core/Backend/LSU/io_out_1_bits[0]} {system_top_i/rv_system/WuKong_0/inst/core/Backend/LSU/io_out_1_bits[1]} {system_top_i/rv_system/WuKong_0/inst/core/Backend/LSU/io_out_1_bits[2]} {system_top_i/rv_system/WuKong_0/inst/core/Backend/LSU/io_out_1_bits[3]} {system_top_i/rv_system/WuKong_0/inst/core/Backend/LSU/io_out_1_bits[4]} {system_top_i/rv_system/WuKong_0/inst/core/Backend/LSU/io_out_1_bits[5]} {system_top_i/rv_system/WuKong_0/inst/core/Backend/LSU/io_out_1_bits[6]} {system_top_i/rv_system/WuKong_0/inst/core/Backend/LSU/io_out_1_bits[7]} {system_top_i/rv_system/WuKong_0/inst/core/Backend/LSU/io_out_1_bits[8]} {system_top_i/rv_system/WuKong_0/inst/core/Backend/LSU/io_out_1_bits[9]} {system_top_i/rv_system/WuKong_0/inst/core/Backend/LSU/io_out_1_bits[10]} {system_top_i/rv_system/WuKong_0/inst/core/Backend/LSU/io_out_1_bits[11]} {system_top_i/rv_system/WuKong_0/inst/core/Backend/LSU/io_out_1_bits[12]} {system_top_i/rv_system/WuKong_0/inst/core/Backend/LSU/io_out_1_bits[13]} {system_top_i/rv_system/WuKong_0/inst/core/Backend/LSU/io_out_1_bits[14]} {system_top_i/rv_system/WuKong_0/inst/core/Backend/LSU/io_out_1_bits[15]} {system_top_i/rv_system/WuKong_0/inst/core/Backend/LSU/io_out_1_bits[16]} {system_top_i/rv_system/WuKong_0/inst/core/Backend/LSU/io_out_1_bits[17]} {system_top_i/rv_system/WuKong_0/inst/core/Backend/LSU/io_out_1_bits[18]} {system_top_i/rv_system/WuKong_0/inst/core/Backend/LSU/io_out_1_bits[19]} {system_top_i/rv_system/WuKong_0/inst/core/Backend/LSU/io_out_1_bits[20]} {system_top_i/rv_system/WuKong_0/inst/core/Backend/LSU/io_out_1_bits[21]} {system_top_i/rv_system/WuKong_0/inst/core/Backend/LSU/io_out_1_bits[22]} {system_top_i/rv_system/WuKong_0/inst/core/Backend/LSU/io_out_1_bits[23]} {system_top_i/rv_system/WuKong_0/inst/core/Backend/LSU/io_out_1_bits[24]} {system_top_i/rv_system/WuKong_0/inst/core/Backend/LSU/io_out_1_bits[25]} {system_top_i/rv_system/WuKong_0/inst/core/Backend/LSU/io_out_1_bits[26]} {system_top_i/rv_system/WuKong_0/inst/core/Backend/LSU/io_out_1_bits[27]} {system_top_i/rv_system/WuKong_0/inst/core/Backend/LSU/io_out_1_bits[28]} {system_top_i/rv_system/WuKong_0/inst/core/Backend/LSU/io_out_1_bits[29]} {system_top_i/rv_system/WuKong_0/inst/core/Backend/LSU/io_out_1_bits[30]} {system_top_i/rv_system/WuKong_0/inst/core/Backend/LSU/io_out_1_bits[31]} {system_top_i/rv_system/WuKong_0/inst/core/Backend/LSU/io_out_1_bits[32]} {system_top_i/rv_system/WuKong_0/inst/core/Backend/LSU/io_out_1_bits[33]} {system_top_i/rv_system/WuKong_0/inst/core/Backend/LSU/io_out_1_bits[34]} {system_top_i/rv_system/WuKong_0/inst/core/Backend/LSU/io_out_1_bits[35]} {system_top_i/rv_system/WuKong_0/inst/core/Backend/LSU/io_out_1_bits[36]} {system_top_i/rv_system/WuKong_0/inst/core/Backend/LSU/io_out_1_bits[37]} {system_top_i/rv_system/WuKong_0/inst/core/Backend/LSU/io_out_1_bits[38]} {system_top_i/rv_system/WuKong_0/inst/core/Backend/LSU/io_out_1_bits[39]} {system_top_i/rv_system/WuKong_0/inst/core/Backend/LSU/io_out_1_bits[40]} {system_top_i/rv_system/WuKong_0/inst/core/Backend/LSU/io_out_1_bits[41]} {system_top_i/rv_system/WuKong_0/inst/core/Backend/LSU/io_out_1_bits[42]} {system_top_i/rv_system/WuKong_0/inst/core/Backend/LSU/io_out_1_bits[43]} {system_top_i/rv_system/WuKong_0/inst/core/Backend/LSU/io_out_1_bits[44]} {system_top_i/rv_system/WuKong_0/inst/core/Backend/LSU/io_out_1_bits[45]} {system_top_i/rv_system/WuKong_0/inst/core/Backend/LSU/io_out_1_bits[46]} {system_top_i/rv_system/WuKong_0/inst/core/Backend/LSU/io_out_1_bits[47]} {system_top_i/rv_system/WuKong_0/inst/core/Backend/LSU/io_out_1_bits[48]} {system_top_i/rv_system/WuKong_0/inst/core/Backend/LSU/io_out_1_bits[49]} {system_top_i/rv_system/WuKong_0/inst/core/Backend/LSU/io_out_1_bits[50]} {system_top_i/rv_system/WuKong_0/inst/core/Backend/LSU/io_out_1_bits[51]} {system_top_i/rv_system/WuKong_0/inst/core/Backend/LSU/io_out_1_bits[52]} {system_top_i/rv_system/WuKong_0/inst/core/Backend/LSU/io_out_1_bits[53]} {system_top_i/rv_system/WuKong_0/inst/core/Backend/LSU/io_out_1_bits[54]} {system_top_i/rv_system/WuKong_0/inst/core/Backend/LSU/io_out_1_bits[55]} {system_top_i/rv_system/WuKong_0/inst/core/Backend/LSU/io_out_1_bits[56]} {system_top_i/rv_system/WuKong_0/inst/core/Backend/LSU/io_out_1_bits[57]} {system_top_i/rv_system/WuKong_0/inst/core/Backend/LSU/io_out_1_bits[58]} {system_top_i/rv_system/WuKong_0/inst/core/Backend/LSU/io_out_1_bits[59]} {system_top_i/rv_system/WuKong_0/inst/core/Backend/LSU/io_out_1_bits[60]} {system_top_i/rv_system/WuKong_0/inst/core/Backend/LSU/io_out_1_bits[61]} {system_top_i/rv_system/WuKong_0/inst/core/Backend/LSU/io_out_1_bits[62]} {system_top_i/rv_system/WuKong_0/inst/core/Backend/LSU/io_out_1_bits[63]} ]]
create_debug_port u_ila_0 probe
set_property port_width 64 [get_debug_ports u_ila_0/probe14]
set_property PROBE_TYPE DATA_AND_TRIGGER [get_debug_ports u_ila_0/probe14]
connect_debug_port u_ila_0/probe14 [get_nets [list {system_top_i/rv_system/WuKong_0/inst/core/Backend/LSU/io_out_0_bits[0]} {system_top_i/rv_system/WuKong_0/inst/core/Backend/LSU/io_out_0_bits[1]} {system_top_i/rv_system/WuKong_0/inst/core/Backend/LSU/io_out_0_bits[2]} {system_top_i/rv_system/WuKong_0/inst/core/Backend/LSU/io_out_0_bits[3]} {system_top_i/rv_system/WuKong_0/inst/core/Backend/LSU/io_out_0_bits[4]} {system_top_i/rv_system/WuKong_0/inst/core/Backend/LSU/io_out_0_bits[5]} {system_top_i/rv_system/WuKong_0/inst/core/Backend/LSU/io_out_0_bits[6]} {system_top_i/rv_system/WuKong_0/inst/core/Backend/LSU/io_out_0_bits[7]} {system_top_i/rv_system/WuKong_0/inst/core/Backend/LSU/io_out_0_bits[8]} {system_top_i/rv_system/WuKong_0/inst/core/Backend/LSU/io_out_0_bits[9]} {system_top_i/rv_system/WuKong_0/inst/core/Backend/LSU/io_out_0_bits[10]} {system_top_i/rv_system/WuKong_0/inst/core/Backend/LSU/io_out_0_bits[11]} {system_top_i/rv_system/WuKong_0/inst/core/Backend/LSU/io_out_0_bits[12]} {system_top_i/rv_system/WuKong_0/inst/core/Backend/LSU/io_out_0_bits[13]} {system_top_i/rv_system/WuKong_0/inst/core/Backend/LSU/io_out_0_bits[14]} {system_top_i/rv_system/WuKong_0/inst/core/Backend/LSU/io_out_0_bits[15]} {system_top_i/rv_system/WuKong_0/inst/core/Backend/LSU/io_out_0_bits[16]} {system_top_i/rv_system/WuKong_0/inst/core/Backend/LSU/io_out_0_bits[17]} {system_top_i/rv_system/WuKong_0/inst/core/Backend/LSU/io_out_0_bits[18]} {system_top_i/rv_system/WuKong_0/inst/core/Backend/LSU/io_out_0_bits[19]} {system_top_i/rv_system/WuKong_0/inst/core/Backend/LSU/io_out_0_bits[20]} {system_top_i/rv_system/WuKong_0/inst/core/Backend/LSU/io_out_0_bits[21]} {system_top_i/rv_system/WuKong_0/inst/core/Backend/LSU/io_out_0_bits[22]} {system_top_i/rv_system/WuKong_0/inst/core/Backend/LSU/io_out_0_bits[23]} {system_top_i/rv_system/WuKong_0/inst/core/Backend/LSU/io_out_0_bits[24]} {system_top_i/rv_system/WuKong_0/inst/core/Backend/LSU/io_out_0_bits[25]} {system_top_i/rv_system/WuKong_0/inst/core/Backend/LSU/io_out_0_bits[26]} {system_top_i/rv_system/WuKong_0/inst/core/Backend/LSU/io_out_0_bits[27]} {system_top_i/rv_system/WuKong_0/inst/core/Backend/LSU/io_out_0_bits[28]} {system_top_i/rv_system/WuKong_0/inst/core/Backend/LSU/io_out_0_bits[29]} {system_top_i/rv_system/WuKong_0/inst/core/Backend/LSU/io_out_0_bits[30]} {system_top_i/rv_system/WuKong_0/inst/core/Backend/LSU/io_out_0_bits[31]} {system_top_i/rv_system/WuKong_0/inst/core/Backend/LSU/io_out_0_bits[32]} {system_top_i/rv_system/WuKong_0/inst/core/Backend/LSU/io_out_0_bits[33]} {system_top_i/rv_system/WuKong_0/inst/core/Backend/LSU/io_out_0_bits[34]} {system_top_i/rv_system/WuKong_0/inst/core/Backend/LSU/io_out_0_bits[35]} {system_top_i/rv_system/WuKong_0/inst/core/Backend/LSU/io_out_0_bits[36]} {system_top_i/rv_system/WuKong_0/inst/core/Backend/LSU/io_out_0_bits[37]} {system_top_i/rv_system/WuKong_0/inst/core/Backend/LSU/io_out_0_bits[38]} {system_top_i/rv_system/WuKong_0/inst/core/Backend/LSU/io_out_0_bits[39]} {system_top_i/rv_system/WuKong_0/inst/core/Backend/LSU/io_out_0_bits[40]} {system_top_i/rv_system/WuKong_0/inst/core/Backend/LSU/io_out_0_bits[41]} {system_top_i/rv_system/WuKong_0/inst/core/Backend/LSU/io_out_0_bits[42]} {system_top_i/rv_system/WuKong_0/inst/core/Backend/LSU/io_out_0_bits[43]} {system_top_i/rv_system/WuKong_0/inst/core/Backend/LSU/io_out_0_bits[44]} {system_top_i/rv_system/WuKong_0/inst/core/Backend/LSU/io_out_0_bits[45]} {system_top_i/rv_system/WuKong_0/inst/core/Backend/LSU/io_out_0_bits[46]} {system_top_i/rv_system/WuKong_0/inst/core/Backend/LSU/io_out_0_bits[47]} {system_top_i/rv_system/WuKong_0/inst/core/Backend/LSU/io_out_0_bits[48]} {system_top_i/rv_system/WuKong_0/inst/core/Backend/LSU/io_out_0_bits[49]} {system_top_i/rv_system/WuKong_0/inst/core/Backend/LSU/io_out_0_bits[50]} {system_top_i/rv_system/WuKong_0/inst/core/Backend/LSU/io_out_0_bits[51]} {system_top_i/rv_system/WuKong_0/inst/core/Backend/LSU/io_out_0_bits[52]} {system_top_i/rv_system/WuKong_0/inst/core/Backend/LSU/io_out_0_bits[53]} {system_top_i/rv_system/WuKong_0/inst/core/Backend/LSU/io_out_0_bits[54]} {system_top_i/rv_system/WuKong_0/inst/core/Backend/LSU/io_out_0_bits[55]} {system_top_i/rv_system/WuKong_0/inst/core/Backend/LSU/io_out_0_bits[56]} {system_top_i/rv_system/WuKong_0/inst/core/Backend/LSU/io_out_0_bits[57]} {system_top_i/rv_system/WuKong_0/inst/core/Backend/LSU/io_out_0_bits[58]} {system_top_i/rv_system/WuKong_0/inst/core/Backend/LSU/io_out_0_bits[59]} {system_top_i/rv_system/WuKong_0/inst/core/Backend/LSU/io_out_0_bits[60]} {system_top_i/rv_system/WuKong_0/inst/core/Backend/LSU/io_out_0_bits[61]} {system_top_i/rv_system/WuKong_0/inst/core/Backend/LSU/io_out_0_bits[62]} {system_top_i/rv_system/WuKong_0/inst/core/Backend/LSU/io_out_0_bits[63]} ]]
create_debug_port u_ila_0 probe
set_property port_width 64 [get_debug_ports u_ila_0/probe15]
set_property PROBE_TYPE DATA_AND_TRIGGER [get_debug_ports u_ila_0/probe15]
connect_debug_port u_ila_0/probe15 [get_nets [list {system_top_i/rv_system/WuKong_0/inst/core/Backend/LSU/io_in_0_bits_src2[0]} {system_top_i/rv_system/WuKong_0/inst/core/Backend/LSU/io_in_0_bits_src2[1]} {system_top_i/rv_system/WuKong_0/inst/core/Backend/LSU/io_in_0_bits_src2[2]} {system_top_i/rv_system/WuKong_0/inst/core/Backend/LSU/io_in_0_bits_src2[3]} {system_top_i/rv_system/WuKong_0/inst/core/Backend/LSU/io_in_0_bits_src2[4]} {system_top_i/rv_system/WuKong_0/inst/core/Backend/LSU/io_in_0_bits_src2[5]} {system_top_i/rv_system/WuKong_0/inst/core/Backend/LSU/io_in_0_bits_src2[6]} {system_top_i/rv_system/WuKong_0/inst/core/Backend/LSU/io_in_0_bits_src2[7]} {system_top_i/rv_system/WuKong_0/inst/core/Backend/LSU/io_in_0_bits_src2[8]} {system_top_i/rv_system/WuKong_0/inst/core/Backend/LSU/io_in_0_bits_src2[9]} {system_top_i/rv_system/WuKong_0/inst/core/Backend/LSU/io_in_0_bits_src2[10]} {system_top_i/rv_system/WuKong_0/inst/core/Backend/LSU/io_in_0_bits_src2[11]} {system_top_i/rv_system/WuKong_0/inst/core/Backend/LSU/io_in_0_bits_src2[12]} {system_top_i/rv_system/WuKong_0/inst/core/Backend/LSU/io_in_0_bits_src2[13]} {system_top_i/rv_system/WuKong_0/inst/core/Backend/LSU/io_in_0_bits_src2[14]} {system_top_i/rv_system/WuKong_0/inst/core/Backend/LSU/io_in_0_bits_src2[15]} {system_top_i/rv_system/WuKong_0/inst/core/Backend/LSU/io_in_0_bits_src2[16]} {system_top_i/rv_system/WuKong_0/inst/core/Backend/LSU/io_in_0_bits_src2[17]} {system_top_i/rv_system/WuKong_0/inst/core/Backend/LSU/io_in_0_bits_src2[18]} {system_top_i/rv_system/WuKong_0/inst/core/Backend/LSU/io_in_0_bits_src2[19]} {system_top_i/rv_system/WuKong_0/inst/core/Backend/LSU/io_in_0_bits_src2[20]} {system_top_i/rv_system/WuKong_0/inst/core/Backend/LSU/io_in_0_bits_src2[21]} {system_top_i/rv_system/WuKong_0/inst/core/Backend/LSU/io_in_0_bits_src2[22]} {system_top_i/rv_system/WuKong_0/inst/core/Backend/LSU/io_in_0_bits_src2[23]} {system_top_i/rv_system/WuKong_0/inst/core/Backend/LSU/io_in_0_bits_src2[24]} {system_top_i/rv_system/WuKong_0/inst/core/Backend/LSU/io_in_0_bits_src2[25]} {system_top_i/rv_system/WuKong_0/inst/core/Backend/LSU/io_in_0_bits_src2[26]} {system_top_i/rv_system/WuKong_0/inst/core/Backend/LSU/io_in_0_bits_src2[27]} {system_top_i/rv_system/WuKong_0/inst/core/Backend/LSU/io_in_0_bits_src2[28]} {system_top_i/rv_system/WuKong_0/inst/core/Backend/LSU/io_in_0_bits_src2[29]} {system_top_i/rv_system/WuKong_0/inst/core/Backend/LSU/io_in_0_bits_src2[30]} {system_top_i/rv_system/WuKong_0/inst/core/Backend/LSU/io_in_0_bits_src2[31]} {system_top_i/rv_system/WuKong_0/inst/core/Backend/LSU/io_in_0_bits_src2[32]} {system_top_i/rv_system/WuKong_0/inst/core/Backend/LSU/io_in_0_bits_src2[33]} {system_top_i/rv_system/WuKong_0/inst/core/Backend/LSU/io_in_0_bits_src2[34]} {system_top_i/rv_system/WuKong_0/inst/core/Backend/LSU/io_in_0_bits_src2[35]} {system_top_i/rv_system/WuKong_0/inst/core/Backend/LSU/io_in_0_bits_src2[36]} {system_top_i/rv_system/WuKong_0/inst/core/Backend/LSU/io_in_0_bits_src2[37]} {system_top_i/rv_system/WuKong_0/inst/core/Backend/LSU/io_in_0_bits_src2[38]} {system_top_i/rv_system/WuKong_0/inst/core/Backend/LSU/io_in_0_bits_src2[39]} {system_top_i/rv_system/WuKong_0/inst/core/Backend/LSU/io_in_0_bits_src2[40]} {system_top_i/rv_system/WuKong_0/inst/core/Backend/LSU/io_in_0_bits_src2[41]} {system_top_i/rv_system/WuKong_0/inst/core/Backend/LSU/io_in_0_bits_src2[42]} {system_top_i/rv_system/WuKong_0/inst/core/Backend/LSU/io_in_0_bits_src2[43]} {system_top_i/rv_system/WuKong_0/inst/core/Backend/LSU/io_in_0_bits_src2[44]} {system_top_i/rv_system/WuKong_0/inst/core/Backend/LSU/io_in_0_bits_src2[45]} {system_top_i/rv_system/WuKong_0/inst/core/Backend/LSU/io_in_0_bits_src2[46]} {system_top_i/rv_system/WuKong_0/inst/core/Backend/LSU/io_in_0_bits_src2[47]} {system_top_i/rv_system/WuKong_0/inst/core/Backend/LSU/io_in_0_bits_src2[48]} {system_top_i/rv_system/WuKong_0/inst/core/Backend/LSU/io_in_0_bits_src2[49]} {system_top_i/rv_system/WuKong_0/inst/core/Backend/LSU/io_in_0_bits_src2[50]} {system_top_i/rv_system/WuKong_0/inst/core/Backend/LSU/io_in_0_bits_src2[51]} {system_top_i/rv_system/WuKong_0/inst/core/Backend/LSU/io_in_0_bits_src2[52]} {system_top_i/rv_system/WuKong_0/inst/core/Backend/LSU/io_in_0_bits_src2[53]} {system_top_i/rv_system/WuKong_0/inst/core/Backend/LSU/io_in_0_bits_src2[54]} {system_top_i/rv_system/WuKong_0/inst/core/Backend/LSU/io_in_0_bits_src2[55]} {system_top_i/rv_system/WuKong_0/inst/core/Backend/LSU/io_in_0_bits_src2[56]} {system_top_i/rv_system/WuKong_0/inst/core/Backend/LSU/io_in_0_bits_src2[57]} {system_top_i/rv_system/WuKong_0/inst/core/Backend/LSU/io_in_0_bits_src2[58]} {system_top_i/rv_system/WuKong_0/inst/core/Backend/LSU/io_in_0_bits_src2[59]} {system_top_i/rv_system/WuKong_0/inst/core/Backend/LSU/io_in_0_bits_src2[60]} {system_top_i/rv_system/WuKong_0/inst/core/Backend/LSU/io_in_0_bits_src2[61]} {system_top_i/rv_system/WuKong_0/inst/core/Backend/LSU/io_in_0_bits_src2[62]} {system_top_i/rv_system/WuKong_0/inst/core/Backend/LSU/io_in_0_bits_src2[63]} ]]
create_debug_port u_ila_0 probe
set_property port_width 64 [get_debug_ports u_ila_0/probe16]
set_property PROBE_TYPE DATA_AND_TRIGGER [get_debug_ports u_ila_0/probe16]
connect_debug_port u_ila_0/probe16 [get_nets [list {system_top_i/rv_system/WuKong_0/inst/core/Backend/LSU/io_in_0_bits_src1[0]} {system_top_i/rv_system/WuKong_0/inst/core/Backend/LSU/io_in_0_bits_src1[1]} {system_top_i/rv_system/WuKong_0/inst/core/Backend/LSU/io_in_0_bits_src1[2]} {system_top_i/rv_system/WuKong_0/inst/core/Backend/LSU/io_in_0_bits_src1[3]} {system_top_i/rv_system/WuKong_0/inst/core/Backend/LSU/io_in_0_bits_src1[4]} {system_top_i/rv_system/WuKong_0/inst/core/Backend/LSU/io_in_0_bits_src1[5]} {system_top_i/rv_system/WuKong_0/inst/core/Backend/LSU/io_in_0_bits_src1[6]} {system_top_i/rv_system/WuKong_0/inst/core/Backend/LSU/io_in_0_bits_src1[7]} {system_top_i/rv_system/WuKong_0/inst/core/Backend/LSU/io_in_0_bits_src1[8]} {system_top_i/rv_system/WuKong_0/inst/core/Backend/LSU/io_in_0_bits_src1[9]} {system_top_i/rv_system/WuKong_0/inst/core/Backend/LSU/io_in_0_bits_src1[10]} {system_top_i/rv_system/WuKong_0/inst/core/Backend/LSU/io_in_0_bits_src1[11]} {system_top_i/rv_system/WuKong_0/inst/core/Backend/LSU/io_in_0_bits_src1[12]} {system_top_i/rv_system/WuKong_0/inst/core/Backend/LSU/io_in_0_bits_src1[13]} {system_top_i/rv_system/WuKong_0/inst/core/Backend/LSU/io_in_0_bits_src1[14]} {system_top_i/rv_system/WuKong_0/inst/core/Backend/LSU/io_in_0_bits_src1[15]} {system_top_i/rv_system/WuKong_0/inst/core/Backend/LSU/io_in_0_bits_src1[16]} {system_top_i/rv_system/WuKong_0/inst/core/Backend/LSU/io_in_0_bits_src1[17]} {system_top_i/rv_system/WuKong_0/inst/core/Backend/LSU/io_in_0_bits_src1[18]} {system_top_i/rv_system/WuKong_0/inst/core/Backend/LSU/io_in_0_bits_src1[19]} {system_top_i/rv_system/WuKong_0/inst/core/Backend/LSU/io_in_0_bits_src1[20]} {system_top_i/rv_system/WuKong_0/inst/core/Backend/LSU/io_in_0_bits_src1[21]} {system_top_i/rv_system/WuKong_0/inst/core/Backend/LSU/io_in_0_bits_src1[22]} {system_top_i/rv_system/WuKong_0/inst/core/Backend/LSU/io_in_0_bits_src1[23]} {system_top_i/rv_system/WuKong_0/inst/core/Backend/LSU/io_in_0_bits_src1[24]} {system_top_i/rv_system/WuKong_0/inst/core/Backend/LSU/io_in_0_bits_src1[25]} {system_top_i/rv_system/WuKong_0/inst/core/Backend/LSU/io_in_0_bits_src1[26]} {system_top_i/rv_system/WuKong_0/inst/core/Backend/LSU/io_in_0_bits_src1[27]} {system_top_i/rv_system/WuKong_0/inst/core/Backend/LSU/io_in_0_bits_src1[28]} {system_top_i/rv_system/WuKong_0/inst/core/Backend/LSU/io_in_0_bits_src1[29]} {system_top_i/rv_system/WuKong_0/inst/core/Backend/LSU/io_in_0_bits_src1[30]} {system_top_i/rv_system/WuKong_0/inst/core/Backend/LSU/io_in_0_bits_src1[31]} {system_top_i/rv_system/WuKong_0/inst/core/Backend/LSU/io_in_0_bits_src1[32]} {system_top_i/rv_system/WuKong_0/inst/core/Backend/LSU/io_in_0_bits_src1[33]} {system_top_i/rv_system/WuKong_0/inst/core/Backend/LSU/io_in_0_bits_src1[34]} {system_top_i/rv_system/WuKong_0/inst/core/Backend/LSU/io_in_0_bits_src1[35]} {system_top_i/rv_system/WuKong_0/inst/core/Backend/LSU/io_in_0_bits_src1[36]} {system_top_i/rv_system/WuKong_0/inst/core/Backend/LSU/io_in_0_bits_src1[37]} {system_top_i/rv_system/WuKong_0/inst/core/Backend/LSU/io_in_0_bits_src1[38]} {system_top_i/rv_system/WuKong_0/inst/core/Backend/LSU/io_in_0_bits_src1[39]} {system_top_i/rv_system/WuKong_0/inst/core/Backend/LSU/io_in_0_bits_src1[40]} {system_top_i/rv_system/WuKong_0/inst/core/Backend/LSU/io_in_0_bits_src1[41]} {system_top_i/rv_system/WuKong_0/inst/core/Backend/LSU/io_in_0_bits_src1[42]} {system_top_i/rv_system/WuKong_0/inst/core/Backend/LSU/io_in_0_bits_src1[43]} {system_top_i/rv_system/WuKong_0/inst/core/Backend/LSU/io_in_0_bits_src1[44]} {system_top_i/rv_system/WuKong_0/inst/core/Backend/LSU/io_in_0_bits_src1[45]} {system_top_i/rv_system/WuKong_0/inst/core/Backend/LSU/io_in_0_bits_src1[46]} {system_top_i/rv_system/WuKong_0/inst/core/Backend/LSU/io_in_0_bits_src1[47]} {system_top_i/rv_system/WuKong_0/inst/core/Backend/LSU/io_in_0_bits_src1[48]} {system_top_i/rv_system/WuKong_0/inst/core/Backend/LSU/io_in_0_bits_src1[49]} {system_top_i/rv_system/WuKong_0/inst/core/Backend/LSU/io_in_0_bits_src1[50]} {system_top_i/rv_system/WuKong_0/inst/core/Backend/LSU/io_in_0_bits_src1[51]} {system_top_i/rv_system/WuKong_0/inst/core/Backend/LSU/io_in_0_bits_src1[52]} {system_top_i/rv_system/WuKong_0/inst/core/Backend/LSU/io_in_0_bits_src1[53]} {system_top_i/rv_system/WuKong_0/inst/core/Backend/LSU/io_in_0_bits_src1[54]} {system_top_i/rv_system/WuKong_0/inst/core/Backend/LSU/io_in_0_bits_src1[55]} {system_top_i/rv_system/WuKong_0/inst/core/Backend/LSU/io_in_0_bits_src1[56]} {system_top_i/rv_system/WuKong_0/inst/core/Backend/LSU/io_in_0_bits_src1[57]} {system_top_i/rv_system/WuKong_0/inst/core/Backend/LSU/io_in_0_bits_src1[58]} {system_top_i/rv_system/WuKong_0/inst/core/Backend/LSU/io_in_0_bits_src1[59]} {system_top_i/rv_system/WuKong_0/inst/core/Backend/LSU/io_in_0_bits_src1[60]} {system_top_i/rv_system/WuKong_0/inst/core/Backend/LSU/io_in_0_bits_src1[61]} {system_top_i/rv_system/WuKong_0/inst/core/Backend/LSU/io_in_0_bits_src1[62]} {system_top_i/rv_system/WuKong_0/inst/core/Backend/LSU/io_in_0_bits_src1[63]} ]]
create_debug_port u_ila_0 probe
set_property port_width 64 [get_debug_ports u_ila_0/probe17]
set_property PROBE_TYPE DATA_AND_TRIGGER [get_debug_ports u_ila_0/probe17]
connect_debug_port u_ila_0/probe17 [get_nets [list {system_top_i/rv_system/WuKong_0/inst/core/Backend/LSU/io_in_1_bits_offset[0]} {system_top_i/rv_system/WuKong_0/inst/core/Backend/LSU/io_in_1_bits_offset[1]} {system_top_i/rv_system/WuKong_0/inst/core/Backend/LSU/io_in_1_bits_offset[2]} {system_top_i/rv_system/WuKong_0/inst/core/Backend/LSU/io_in_1_bits_offset[3]} {system_top_i/rv_system/WuKong_0/inst/core/Backend/LSU/io_in_1_bits_offset[4]} {system_top_i/rv_system/WuKong_0/inst/core/Backend/LSU/io_in_1_bits_offset[5]} {system_top_i/rv_system/WuKong_0/inst/core/Backend/LSU/io_in_1_bits_offset[6]} {system_top_i/rv_system/WuKong_0/inst/core/Backend/LSU/io_in_1_bits_offset[7]} {system_top_i/rv_system/WuKong_0/inst/core/Backend/LSU/io_in_1_bits_offset[8]} {system_top_i/rv_system/WuKong_0/inst/core/Backend/LSU/io_in_1_bits_offset[9]} {system_top_i/rv_system/WuKong_0/inst/core/Backend/LSU/io_in_1_bits_offset[10]} {system_top_i/rv_system/WuKong_0/inst/core/Backend/LSU/io_in_1_bits_offset[11]} {system_top_i/rv_system/WuKong_0/inst/core/Backend/LSU/io_in_1_bits_offset[12]} {system_top_i/rv_system/WuKong_0/inst/core/Backend/LSU/io_in_1_bits_offset[13]} {system_top_i/rv_system/WuKong_0/inst/core/Backend/LSU/io_in_1_bits_offset[14]} {system_top_i/rv_system/WuKong_0/inst/core/Backend/LSU/io_in_1_bits_offset[15]} {system_top_i/rv_system/WuKong_0/inst/core/Backend/LSU/io_in_1_bits_offset[16]} {system_top_i/rv_system/WuKong_0/inst/core/Backend/LSU/io_in_1_bits_offset[17]} {system_top_i/rv_system/WuKong_0/inst/core/Backend/LSU/io_in_1_bits_offset[18]} {system_top_i/rv_system/WuKong_0/inst/core/Backend/LSU/io_in_1_bits_offset[19]} {system_top_i/rv_system/WuKong_0/inst/core/Backend/LSU/io_in_1_bits_offset[20]} {system_top_i/rv_system/WuKong_0/inst/core/Backend/LSU/io_in_1_bits_offset[21]} {system_top_i/rv_system/WuKong_0/inst/core/Backend/LSU/io_in_1_bits_offset[22]} {system_top_i/rv_system/WuKong_0/inst/core/Backend/LSU/io_in_1_bits_offset[23]} {system_top_i/rv_system/WuKong_0/inst/core/Backend/LSU/io_in_1_bits_offset[24]} {system_top_i/rv_system/WuKong_0/inst/core/Backend/LSU/io_in_1_bits_offset[25]} {system_top_i/rv_system/WuKong_0/inst/core/Backend/LSU/io_in_1_bits_offset[26]} {system_top_i/rv_system/WuKong_0/inst/core/Backend/LSU/io_in_1_bits_offset[27]} {system_top_i/rv_system/WuKong_0/inst/core/Backend/LSU/io_in_1_bits_offset[28]} {system_top_i/rv_system/WuKong_0/inst/core/Backend/LSU/io_in_1_bits_offset[29]} {system_top_i/rv_system/WuKong_0/inst/core/Backend/LSU/io_in_1_bits_offset[30]} {system_top_i/rv_system/WuKong_0/inst/core/Backend/LSU/io_in_1_bits_offset[31]} {system_top_i/rv_system/WuKong_0/inst/core/Backend/LSU/io_in_1_bits_offset[32]} {system_top_i/rv_system/WuKong_0/inst/core/Backend/LSU/io_in_1_bits_offset[33]} {system_top_i/rv_system/WuKong_0/inst/core/Backend/LSU/io_in_1_bits_offset[34]} {system_top_i/rv_system/WuKong_0/inst/core/Backend/LSU/io_in_1_bits_offset[35]} {system_top_i/rv_system/WuKong_0/inst/core/Backend/LSU/io_in_1_bits_offset[36]} {system_top_i/rv_system/WuKong_0/inst/core/Backend/LSU/io_in_1_bits_offset[37]} {system_top_i/rv_system/WuKong_0/inst/core/Backend/LSU/io_in_1_bits_offset[38]} {system_top_i/rv_system/WuKong_0/inst/core/Backend/LSU/io_in_1_bits_offset[39]} {system_top_i/rv_system/WuKong_0/inst/core/Backend/LSU/io_in_1_bits_offset[40]} {system_top_i/rv_system/WuKong_0/inst/core/Backend/LSU/io_in_1_bits_offset[41]} {system_top_i/rv_system/WuKong_0/inst/core/Backend/LSU/io_in_1_bits_offset[42]} {system_top_i/rv_system/WuKong_0/inst/core/Backend/LSU/io_in_1_bits_offset[43]} {system_top_i/rv_system/WuKong_0/inst/core/Backend/LSU/io_in_1_bits_offset[44]} {system_top_i/rv_system/WuKong_0/inst/core/Backend/LSU/io_in_1_bits_offset[45]} {system_top_i/rv_system/WuKong_0/inst/core/Backend/LSU/io_in_1_bits_offset[46]} {system_top_i/rv_system/WuKong_0/inst/core/Backend/LSU/io_in_1_bits_offset[47]} {system_top_i/rv_system/WuKong_0/inst/core/Backend/LSU/io_in_1_bits_offset[48]} {system_top_i/rv_system/WuKong_0/inst/core/Backend/LSU/io_in_1_bits_offset[49]} {system_top_i/rv_system/WuKong_0/inst/core/Backend/LSU/io_in_1_bits_offset[50]} {system_top_i/rv_system/WuKong_0/inst/core/Backend/LSU/io_in_1_bits_offset[51]} {system_top_i/rv_system/WuKong_0/inst/core/Backend/LSU/io_in_1_bits_offset[52]} {system_top_i/rv_system/WuKong_0/inst/core/Backend/LSU/io_in_1_bits_offset[53]} {system_top_i/rv_system/WuKong_0/inst/core/Backend/LSU/io_in_1_bits_offset[54]} {system_top_i/rv_system/WuKong_0/inst/core/Backend/LSU/io_in_1_bits_offset[55]} {system_top_i/rv_system/WuKong_0/inst/core/Backend/LSU/io_in_1_bits_offset[56]} {system_top_i/rv_system/WuKong_0/inst/core/Backend/LSU/io_in_1_bits_offset[57]} {system_top_i/rv_system/WuKong_0/inst/core/Backend/LSU/io_in_1_bits_offset[58]} {system_top_i/rv_system/WuKong_0/inst/core/Backend/LSU/io_in_1_bits_offset[59]} {system_top_i/rv_system/WuKong_0/inst/core/Backend/LSU/io_in_1_bits_offset[60]} {system_top_i/rv_system/WuKong_0/inst/core/Backend/LSU/io_in_1_bits_offset[61]} {system_top_i/rv_system/WuKong_0/inst/core/Backend/LSU/io_in_1_bits_offset[62]} {system_top_i/rv_system/WuKong_0/inst/core/Backend/LSU/io_in_1_bits_offset[63]} ]]
create_debug_port u_ila_0 probe
set_property port_width 7 [get_debug_ports u_ila_0/probe18]
set_property PROBE_TYPE DATA_AND_TRIGGER [get_debug_ports u_ila_0/probe18]
connect_debug_port u_ila_0/probe18 [get_nets [list {system_top_i/rv_system/WuKong_0/inst/core/Backend/LSU/io_in_1_bits_func[0]} {system_top_i/rv_system/WuKong_0/inst/core/Backend/LSU/io_in_1_bits_func[1]} {system_top_i/rv_system/WuKong_0/inst/core/Backend/LSU/io_in_1_bits_func[2]} {system_top_i/rv_system/WuKong_0/inst/core/Backend/LSU/io_in_1_bits_func[3]} {system_top_i/rv_system/WuKong_0/inst/core/Backend/LSU/io_in_1_bits_func[4]} {system_top_i/rv_system/WuKong_0/inst/core/Backend/LSU/io_in_1_bits_func[5]} {system_top_i/rv_system/WuKong_0/inst/core/Backend/LSU/io_in_1_bits_func[6]} ]]
create_debug_port u_ila_0 probe
set_property port_width 64 [get_debug_ports u_ila_0/probe19]
set_property PROBE_TYPE DATA_AND_TRIGGER [get_debug_ports u_ila_0/probe19]
connect_debug_port u_ila_0/probe19 [get_nets [list {system_top_i/rv_system/WuKong_0/inst/core/Backend/LSU/io_in_0_bits_offset[0]} {system_top_i/rv_system/WuKong_0/inst/core/Backend/LSU/io_in_0_bits_offset[1]} {system_top_i/rv_system/WuKong_0/inst/core/Backend/LSU/io_in_0_bits_offset[2]} {system_top_i/rv_system/WuKong_0/inst/core/Backend/LSU/io_in_0_bits_offset[3]} {system_top_i/rv_system/WuKong_0/inst/core/Backend/LSU/io_in_0_bits_offset[4]} {system_top_i/rv_system/WuKong_0/inst/core/Backend/LSU/io_in_0_bits_offset[5]} {system_top_i/rv_system/WuKong_0/inst/core/Backend/LSU/io_in_0_bits_offset[6]} {system_top_i/rv_system/WuKong_0/inst/core/Backend/LSU/io_in_0_bits_offset[7]} {system_top_i/rv_system/WuKong_0/inst/core/Backend/LSU/io_in_0_bits_offset[8]} {system_top_i/rv_system/WuKong_0/inst/core/Backend/LSU/io_in_0_bits_offset[9]} {system_top_i/rv_system/WuKong_0/inst/core/Backend/LSU/io_in_0_bits_offset[10]} {system_top_i/rv_system/WuKong_0/inst/core/Backend/LSU/io_in_0_bits_offset[11]} {system_top_i/rv_system/WuKong_0/inst/core/Backend/LSU/io_in_0_bits_offset[12]} {system_top_i/rv_system/WuKong_0/inst/core/Backend/LSU/io_in_0_bits_offset[13]} {system_top_i/rv_system/WuKong_0/inst/core/Backend/LSU/io_in_0_bits_offset[14]} {system_top_i/rv_system/WuKong_0/inst/core/Backend/LSU/io_in_0_bits_offset[15]} {system_top_i/rv_system/WuKong_0/inst/core/Backend/LSU/io_in_0_bits_offset[16]} {system_top_i/rv_system/WuKong_0/inst/core/Backend/LSU/io_in_0_bits_offset[17]} {system_top_i/rv_system/WuKong_0/inst/core/Backend/LSU/io_in_0_bits_offset[18]} {system_top_i/rv_system/WuKong_0/inst/core/Backend/LSU/io_in_0_bits_offset[19]} {system_top_i/rv_system/WuKong_0/inst/core/Backend/LSU/io_in_0_bits_offset[20]} {system_top_i/rv_system/WuKong_0/inst/core/Backend/LSU/io_in_0_bits_offset[21]} {system_top_i/rv_system/WuKong_0/inst/core/Backend/LSU/io_in_0_bits_offset[22]} {system_top_i/rv_system/WuKong_0/inst/core/Backend/LSU/io_in_0_bits_offset[23]} {system_top_i/rv_system/WuKong_0/inst/core/Backend/LSU/io_in_0_bits_offset[24]} {system_top_i/rv_system/WuKong_0/inst/core/Backend/LSU/io_in_0_bits_offset[25]} {system_top_i/rv_system/WuKong_0/inst/core/Backend/LSU/io_in_0_bits_offset[26]} {system_top_i/rv_system/WuKong_0/inst/core/Backend/LSU/io_in_0_bits_offset[27]} {system_top_i/rv_system/WuKong_0/inst/core/Backend/LSU/io_in_0_bits_offset[28]} {system_top_i/rv_system/WuKong_0/inst/core/Backend/LSU/io_in_0_bits_offset[29]} {system_top_i/rv_system/WuKong_0/inst/core/Backend/LSU/io_in_0_bits_offset[30]} {system_top_i/rv_system/WuKong_0/inst/core/Backend/LSU/io_in_0_bits_offset[31]} {system_top_i/rv_system/WuKong_0/inst/core/Backend/LSU/io_in_0_bits_offset[32]} {system_top_i/rv_system/WuKong_0/inst/core/Backend/LSU/io_in_0_bits_offset[33]} {system_top_i/rv_system/WuKong_0/inst/core/Backend/LSU/io_in_0_bits_offset[34]} {system_top_i/rv_system/WuKong_0/inst/core/Backend/LSU/io_in_0_bits_offset[35]} {system_top_i/rv_system/WuKong_0/inst/core/Backend/LSU/io_in_0_bits_offset[36]} {system_top_i/rv_system/WuKong_0/inst/core/Backend/LSU/io_in_0_bits_offset[37]} {system_top_i/rv_system/WuKong_0/inst/core/Backend/LSU/io_in_0_bits_offset[38]} {system_top_i/rv_system/WuKong_0/inst/core/Backend/LSU/io_in_0_bits_offset[39]} {system_top_i/rv_system/WuKong_0/inst/core/Backend/LSU/io_in_0_bits_offset[40]} {system_top_i/rv_system/WuKong_0/inst/core/Backend/LSU/io_in_0_bits_offset[41]} {system_top_i/rv_system/WuKong_0/inst/core/Backend/LSU/io_in_0_bits_offset[42]} {system_top_i/rv_system/WuKong_0/inst/core/Backend/LSU/io_in_0_bits_offset[43]} {system_top_i/rv_system/WuKong_0/inst/core/Backend/LSU/io_in_0_bits_offset[44]} {system_top_i/rv_system/WuKong_0/inst/core/Backend/LSU/io_in_0_bits_offset[45]} {system_top_i/rv_system/WuKong_0/inst/core/Backend/LSU/io_in_0_bits_offset[46]} {system_top_i/rv_system/WuKong_0/inst/core/Backend/LSU/io_in_0_bits_offset[47]} {system_top_i/rv_system/WuKong_0/inst/core/Backend/LSU/io_in_0_bits_offset[48]} {system_top_i/rv_system/WuKong_0/inst/core/Backend/LSU/io_in_0_bits_offset[49]} {system_top_i/rv_system/WuKong_0/inst/core/Backend/LSU/io_in_0_bits_offset[50]} {system_top_i/rv_system/WuKong_0/inst/core/Backend/LSU/io_in_0_bits_offset[51]} {system_top_i/rv_system/WuKong_0/inst/core/Backend/LSU/io_in_0_bits_offset[52]} {system_top_i/rv_system/WuKong_0/inst/core/Backend/LSU/io_in_0_bits_offset[53]} {system_top_i/rv_system/WuKong_0/inst/core/Backend/LSU/io_in_0_bits_offset[54]} {system_top_i/rv_system/WuKong_0/inst/core/Backend/LSU/io_in_0_bits_offset[55]} {system_top_i/rv_system/WuKong_0/inst/core/Backend/LSU/io_in_0_bits_offset[56]} {system_top_i/rv_system/WuKong_0/inst/core/Backend/LSU/io_in_0_bits_offset[57]} {system_top_i/rv_system/WuKong_0/inst/core/Backend/LSU/io_in_0_bits_offset[58]} {system_top_i/rv_system/WuKong_0/inst/core/Backend/LSU/io_in_0_bits_offset[59]} {system_top_i/rv_system/WuKong_0/inst/core/Backend/LSU/io_in_0_bits_offset[60]} {system_top_i/rv_system/WuKong_0/inst/core/Backend/LSU/io_in_0_bits_offset[61]} {system_top_i/rv_system/WuKong_0/inst/core/Backend/LSU/io_in_0_bits_offset[62]} {system_top_i/rv_system/WuKong_0/inst/core/Backend/LSU/io_in_0_bits_offset[63]} ]]
create_debug_port u_ila_0 probe
set_property port_width 7 [get_debug_ports u_ila_0/probe20]
set_property PROBE_TYPE DATA_AND_TRIGGER [get_debug_ports u_ila_0/probe20]
connect_debug_port u_ila_0/probe20 [get_nets [list {system_top_i/rv_system/WuKong_0/inst/core/Backend/LSU/io_in_0_bits_func[0]} {system_top_i/rv_system/WuKong_0/inst/core/Backend/LSU/io_in_0_bits_func[1]} {system_top_i/rv_system/WuKong_0/inst/core/Backend/LSU/io_in_0_bits_func[2]} {system_top_i/rv_system/WuKong_0/inst/core/Backend/LSU/io_in_0_bits_func[3]} {system_top_i/rv_system/WuKong_0/inst/core/Backend/LSU/io_in_0_bits_func[4]} {system_top_i/rv_system/WuKong_0/inst/core/Backend/LSU/io_in_0_bits_func[5]} {system_top_i/rv_system/WuKong_0/inst/core/Backend/LSU/io_in_0_bits_func[6]} ]]
create_debug_port u_ila_0 probe
set_property port_width 39 [get_debug_ports u_ila_0/probe21]
set_property PROBE_TYPE DATA_AND_TRIGGER [get_debug_ports u_ila_0/probe21]
connect_debug_port u_ila_0/probe21 [get_nets [list {system_top_i/rv_system/WuKong_0/inst/core/Backend/pipeStage7_io_right_bits_pc[0]} {system_top_i/rv_system/WuKong_0/inst/core/Backend/pipeStage7_io_right_bits_pc[1]} {system_top_i/rv_system/WuKong_0/inst/core/Backend/pipeStage7_io_right_bits_pc[2]} {system_top_i/rv_system/WuKong_0/inst/core/Backend/pipeStage7_io_right_bits_pc[3]} {system_top_i/rv_system/WuKong_0/inst/core/Backend/pipeStage7_io_right_bits_pc[4]} {system_top_i/rv_system/WuKong_0/inst/core/Backend/pipeStage7_io_right_bits_pc[5]} {system_top_i/rv_system/WuKong_0/inst/core/Backend/pipeStage7_io_right_bits_pc[6]} {system_top_i/rv_system/WuKong_0/inst/core/Backend/pipeStage7_io_right_bits_pc[7]} {system_top_i/rv_system/WuKong_0/inst/core/Backend/pipeStage7_io_right_bits_pc[8]} {system_top_i/rv_system/WuKong_0/inst/core/Backend/pipeStage7_io_right_bits_pc[9]} {system_top_i/rv_system/WuKong_0/inst/core/Backend/pipeStage7_io_right_bits_pc[10]} {system_top_i/rv_system/WuKong_0/inst/core/Backend/pipeStage7_io_right_bits_pc[11]} {system_top_i/rv_system/WuKong_0/inst/core/Backend/pipeStage7_io_right_bits_pc[12]} {system_top_i/rv_system/WuKong_0/inst/core/Backend/pipeStage7_io_right_bits_pc[13]} {system_top_i/rv_system/WuKong_0/inst/core/Backend/pipeStage7_io_right_bits_pc[14]} {system_top_i/rv_system/WuKong_0/inst/core/Backend/pipeStage7_io_right_bits_pc[15]} {system_top_i/rv_system/WuKong_0/inst/core/Backend/pipeStage7_io_right_bits_pc[16]} {system_top_i/rv_system/WuKong_0/inst/core/Backend/pipeStage7_io_right_bits_pc[17]} {system_top_i/rv_system/WuKong_0/inst/core/Backend/pipeStage7_io_right_bits_pc[18]} {system_top_i/rv_system/WuKong_0/inst/core/Backend/pipeStage7_io_right_bits_pc[19]} {system_top_i/rv_system/WuKong_0/inst/core/Backend/pipeStage7_io_right_bits_pc[20]} {system_top_i/rv_system/WuKong_0/inst/core/Backend/pipeStage7_io_right_bits_pc[21]} {system_top_i/rv_system/WuKong_0/inst/core/Backend/pipeStage7_io_right_bits_pc[22]} {system_top_i/rv_system/WuKong_0/inst/core/Backend/pipeStage7_io_right_bits_pc[23]} {system_top_i/rv_system/WuKong_0/inst/core/Backend/pipeStage7_io_right_bits_pc[24]} {system_top_i/rv_system/WuKong_0/inst/core/Backend/pipeStage7_io_right_bits_pc[25]} {system_top_i/rv_system/WuKong_0/inst/core/Backend/pipeStage7_io_right_bits_pc[26]} {system_top_i/rv_system/WuKong_0/inst/core/Backend/pipeStage7_io_right_bits_pc[27]} {system_top_i/rv_system/WuKong_0/inst/core/Backend/pipeStage7_io_right_bits_pc[28]} {system_top_i/rv_system/WuKong_0/inst/core/Backend/pipeStage7_io_right_bits_pc[29]} {system_top_i/rv_system/WuKong_0/inst/core/Backend/pipeStage7_io_right_bits_pc[30]} {system_top_i/rv_system/WuKong_0/inst/core/Backend/pipeStage7_io_right_bits_pc[31]} {system_top_i/rv_system/WuKong_0/inst/core/Backend/pipeStage7_io_right_bits_pc[32]} {system_top_i/rv_system/WuKong_0/inst/core/Backend/pipeStage7_io_right_bits_pc[33]} {system_top_i/rv_system/WuKong_0/inst/core/Backend/pipeStage7_io_right_bits_pc[34]} {system_top_i/rv_system/WuKong_0/inst/core/Backend/pipeStage7_io_right_bits_pc[35]} {system_top_i/rv_system/WuKong_0/inst/core/Backend/pipeStage7_io_right_bits_pc[36]} {system_top_i/rv_system/WuKong_0/inst/core/Backend/pipeStage7_io_right_bits_pc[37]} {system_top_i/rv_system/WuKong_0/inst/core/Backend/pipeStage7_io_right_bits_pc[38]} ]]
create_debug_port u_ila_0 probe
set_property port_width 7 [get_debug_ports u_ila_0/probe22]
set_property PROBE_TYPE DATA_AND_TRIGGER [get_debug_ports u_ila_0/probe22]
connect_debug_port u_ila_0/probe22 [get_nets [list {system_top_i/rv_system/WuKong_0/inst/core/Backend/pipeStage6_io_right_bits_fuOpType[0]} {system_top_i/rv_system/WuKong_0/inst/core/Backend/pipeStage6_io_right_bits_fuOpType[1]} {system_top_i/rv_system/WuKong_0/inst/core/Backend/pipeStage6_io_right_bits_fuOpType[2]} {system_top_i/rv_system/WuKong_0/inst/core/Backend/pipeStage6_io_right_bits_fuOpType[3]} {system_top_i/rv_system/WuKong_0/inst/core/Backend/pipeStage6_io_right_bits_fuOpType[4]} {system_top_i/rv_system/WuKong_0/inst/core/Backend/pipeStage6_io_right_bits_fuOpType[5]} {system_top_i/rv_system/WuKong_0/inst/core/Backend/pipeStage6_io_right_bits_fuOpType[6]} ]]
create_debug_port u_ila_0 probe
set_property port_width 64 [get_debug_ports u_ila_0/probe23]
set_property PROBE_TYPE DATA_AND_TRIGGER [get_debug_ports u_ila_0/probe23]
connect_debug_port u_ila_0/probe23 [get_nets [list {system_top_i/rv_system/WuKong_0/inst/core/Backend/pipeStage6_io_right_bits_rd[0]} {system_top_i/rv_system/WuKong_0/inst/core/Backend/pipeStage6_io_right_bits_rd[1]} {system_top_i/rv_system/WuKong_0/inst/core/Backend/pipeStage6_io_right_bits_rd[2]} {system_top_i/rv_system/WuKong_0/inst/core/Backend/pipeStage6_io_right_bits_rd[3]} {system_top_i/rv_system/WuKong_0/inst/core/Backend/pipeStage6_io_right_bits_rd[4]} {system_top_i/rv_system/WuKong_0/inst/core/Backend/pipeStage6_io_right_bits_rd[5]} {system_top_i/rv_system/WuKong_0/inst/core/Backend/pipeStage6_io_right_bits_rd[6]} {system_top_i/rv_system/WuKong_0/inst/core/Backend/pipeStage6_io_right_bits_rd[7]} {system_top_i/rv_system/WuKong_0/inst/core/Backend/pipeStage6_io_right_bits_rd[8]} {system_top_i/rv_system/WuKong_0/inst/core/Backend/pipeStage6_io_right_bits_rd[9]} {system_top_i/rv_system/WuKong_0/inst/core/Backend/pipeStage6_io_right_bits_rd[10]} {system_top_i/rv_system/WuKong_0/inst/core/Backend/pipeStage6_io_right_bits_rd[11]} {system_top_i/rv_system/WuKong_0/inst/core/Backend/pipeStage6_io_right_bits_rd[12]} {system_top_i/rv_system/WuKong_0/inst/core/Backend/pipeStage6_io_right_bits_rd[13]} {system_top_i/rv_system/WuKong_0/inst/core/Backend/pipeStage6_io_right_bits_rd[14]} {system_top_i/rv_system/WuKong_0/inst/core/Backend/pipeStage6_io_right_bits_rd[15]} {system_top_i/rv_system/WuKong_0/inst/core/Backend/pipeStage6_io_right_bits_rd[16]} {system_top_i/rv_system/WuKong_0/inst/core/Backend/pipeStage6_io_right_bits_rd[17]} {system_top_i/rv_system/WuKong_0/inst/core/Backend/pipeStage6_io_right_bits_rd[18]} {system_top_i/rv_system/WuKong_0/inst/core/Backend/pipeStage6_io_right_bits_rd[19]} {system_top_i/rv_system/WuKong_0/inst/core/Backend/pipeStage6_io_right_bits_rd[20]} {system_top_i/rv_system/WuKong_0/inst/core/Backend/pipeStage6_io_right_bits_rd[21]} {system_top_i/rv_system/WuKong_0/inst/core/Backend/pipeStage6_io_right_bits_rd[22]} {system_top_i/rv_system/WuKong_0/inst/core/Backend/pipeStage6_io_right_bits_rd[23]} {system_top_i/rv_system/WuKong_0/inst/core/Backend/pipeStage6_io_right_bits_rd[24]} {system_top_i/rv_system/WuKong_0/inst/core/Backend/pipeStage6_io_right_bits_rd[25]} {system_top_i/rv_system/WuKong_0/inst/core/Backend/pipeStage6_io_right_bits_rd[26]} {system_top_i/rv_system/WuKong_0/inst/core/Backend/pipeStage6_io_right_bits_rd[27]} {system_top_i/rv_system/WuKong_0/inst/core/Backend/pipeStage6_io_right_bits_rd[28]} {system_top_i/rv_system/WuKong_0/inst/core/Backend/pipeStage6_io_right_bits_rd[29]} {system_top_i/rv_system/WuKong_0/inst/core/Backend/pipeStage6_io_right_bits_rd[30]} {system_top_i/rv_system/WuKong_0/inst/core/Backend/pipeStage6_io_right_bits_rd[31]} {system_top_i/rv_system/WuKong_0/inst/core/Backend/pipeStage6_io_right_bits_rd[32]} {system_top_i/rv_system/WuKong_0/inst/core/Backend/pipeStage6_io_right_bits_rd[33]} {system_top_i/rv_system/WuKong_0/inst/core/Backend/pipeStage6_io_right_bits_rd[34]} {system_top_i/rv_system/WuKong_0/inst/core/Backend/pipeStage6_io_right_bits_rd[35]} {system_top_i/rv_system/WuKong_0/inst/core/Backend/pipeStage6_io_right_bits_rd[36]} {system_top_i/rv_system/WuKong_0/inst/core/Backend/pipeStage6_io_right_bits_rd[37]} {system_top_i/rv_system/WuKong_0/inst/core/Backend/pipeStage6_io_right_bits_rd[38]} {system_top_i/rv_system/WuKong_0/inst/core/Backend/pipeStage6_io_right_bits_rd[39]} {system_top_i/rv_system/WuKong_0/inst/core/Backend/pipeStage6_io_right_bits_rd[40]} {system_top_i/rv_system/WuKong_0/inst/core/Backend/pipeStage6_io_right_bits_rd[41]} {system_top_i/rv_system/WuKong_0/inst/core/Backend/pipeStage6_io_right_bits_rd[42]} {system_top_i/rv_system/WuKong_0/inst/core/Backend/pipeStage6_io_right_bits_rd[43]} {system_top_i/rv_system/WuKong_0/inst/core/Backend/pipeStage6_io_right_bits_rd[44]} {system_top_i/rv_system/WuKong_0/inst/core/Backend/pipeStage6_io_right_bits_rd[45]} {system_top_i/rv_system/WuKong_0/inst/core/Backend/pipeStage6_io_right_bits_rd[46]} {system_top_i/rv_system/WuKong_0/inst/core/Backend/pipeStage6_io_right_bits_rd[47]} {system_top_i/rv_system/WuKong_0/inst/core/Backend/pipeStage6_io_right_bits_rd[48]} {system_top_i/rv_system/WuKong_0/inst/core/Backend/pipeStage6_io_right_bits_rd[49]} {system_top_i/rv_system/WuKong_0/inst/core/Backend/pipeStage6_io_right_bits_rd[50]} {system_top_i/rv_system/WuKong_0/inst/core/Backend/pipeStage6_io_right_bits_rd[51]} {system_top_i/rv_system/WuKong_0/inst/core/Backend/pipeStage6_io_right_bits_rd[52]} {system_top_i/rv_system/WuKong_0/inst/core/Backend/pipeStage6_io_right_bits_rd[53]} {system_top_i/rv_system/WuKong_0/inst/core/Backend/pipeStage6_io_right_bits_rd[54]} {system_top_i/rv_system/WuKong_0/inst/core/Backend/pipeStage6_io_right_bits_rd[55]} {system_top_i/rv_system/WuKong_0/inst/core/Backend/pipeStage6_io_right_bits_rd[56]} {system_top_i/rv_system/WuKong_0/inst/core/Backend/pipeStage6_io_right_bits_rd[57]} {system_top_i/rv_system/WuKong_0/inst/core/Backend/pipeStage6_io_right_bits_rd[58]} {system_top_i/rv_system/WuKong_0/inst/core/Backend/pipeStage6_io_right_bits_rd[59]} {system_top_i/rv_system/WuKong_0/inst/core/Backend/pipeStage6_io_right_bits_rd[60]} {system_top_i/rv_system/WuKong_0/inst/core/Backend/pipeStage6_io_right_bits_rd[61]} {system_top_i/rv_system/WuKong_0/inst/core/Backend/pipeStage6_io_right_bits_rd[62]} {system_top_i/rv_system/WuKong_0/inst/core/Backend/pipeStage6_io_right_bits_rd[63]} ]]
create_debug_port u_ila_0 probe
set_property port_width 64 [get_debug_ports u_ila_0/probe24]
set_property PROBE_TYPE DATA_AND_TRIGGER [get_debug_ports u_ila_0/probe24]
connect_debug_port u_ila_0/probe24 [get_nets [list {system_top_i/rv_system/WuKong_0/inst/core/Backend/pipeStage6_io_right_bits_rs2[0]} {system_top_i/rv_system/WuKong_0/inst/core/Backend/pipeStage6_io_right_bits_rs2[1]} {system_top_i/rv_system/WuKong_0/inst/core/Backend/pipeStage6_io_right_bits_rs2[2]} {system_top_i/rv_system/WuKong_0/inst/core/Backend/pipeStage6_io_right_bits_rs2[3]} {system_top_i/rv_system/WuKong_0/inst/core/Backend/pipeStage6_io_right_bits_rs2[4]} {system_top_i/rv_system/WuKong_0/inst/core/Backend/pipeStage6_io_right_bits_rs2[5]} {system_top_i/rv_system/WuKong_0/inst/core/Backend/pipeStage6_io_right_bits_rs2[6]} {system_top_i/rv_system/WuKong_0/inst/core/Backend/pipeStage6_io_right_bits_rs2[7]} {system_top_i/rv_system/WuKong_0/inst/core/Backend/pipeStage6_io_right_bits_rs2[8]} {system_top_i/rv_system/WuKong_0/inst/core/Backend/pipeStage6_io_right_bits_rs2[9]} {system_top_i/rv_system/WuKong_0/inst/core/Backend/pipeStage6_io_right_bits_rs2[10]} {system_top_i/rv_system/WuKong_0/inst/core/Backend/pipeStage6_io_right_bits_rs2[11]} {system_top_i/rv_system/WuKong_0/inst/core/Backend/pipeStage6_io_right_bits_rs2[12]} {system_top_i/rv_system/WuKong_0/inst/core/Backend/pipeStage6_io_right_bits_rs2[13]} {system_top_i/rv_system/WuKong_0/inst/core/Backend/pipeStage6_io_right_bits_rs2[14]} {system_top_i/rv_system/WuKong_0/inst/core/Backend/pipeStage6_io_right_bits_rs2[15]} {system_top_i/rv_system/WuKong_0/inst/core/Backend/pipeStage6_io_right_bits_rs2[16]} {system_top_i/rv_system/WuKong_0/inst/core/Backend/pipeStage6_io_right_bits_rs2[17]} {system_top_i/rv_system/WuKong_0/inst/core/Backend/pipeStage6_io_right_bits_rs2[18]} {system_top_i/rv_system/WuKong_0/inst/core/Backend/pipeStage6_io_right_bits_rs2[19]} {system_top_i/rv_system/WuKong_0/inst/core/Backend/pipeStage6_io_right_bits_rs2[20]} {system_top_i/rv_system/WuKong_0/inst/core/Backend/pipeStage6_io_right_bits_rs2[21]} {system_top_i/rv_system/WuKong_0/inst/core/Backend/pipeStage6_io_right_bits_rs2[22]} {system_top_i/rv_system/WuKong_0/inst/core/Backend/pipeStage6_io_right_bits_rs2[23]} {system_top_i/rv_system/WuKong_0/inst/core/Backend/pipeStage6_io_right_bits_rs2[24]} {system_top_i/rv_system/WuKong_0/inst/core/Backend/pipeStage6_io_right_bits_rs2[25]} {system_top_i/rv_system/WuKong_0/inst/core/Backend/pipeStage6_io_right_bits_rs2[26]} {system_top_i/rv_system/WuKong_0/inst/core/Backend/pipeStage6_io_right_bits_rs2[27]} {system_top_i/rv_system/WuKong_0/inst/core/Backend/pipeStage6_io_right_bits_rs2[28]} {system_top_i/rv_system/WuKong_0/inst/core/Backend/pipeStage6_io_right_bits_rs2[29]} {system_top_i/rv_system/WuKong_0/inst/core/Backend/pipeStage6_io_right_bits_rs2[30]} {system_top_i/rv_system/WuKong_0/inst/core/Backend/pipeStage6_io_right_bits_rs2[31]} {system_top_i/rv_system/WuKong_0/inst/core/Backend/pipeStage6_io_right_bits_rs2[32]} {system_top_i/rv_system/WuKong_0/inst/core/Backend/pipeStage6_io_right_bits_rs2[33]} {system_top_i/rv_system/WuKong_0/inst/core/Backend/pipeStage6_io_right_bits_rs2[34]} {system_top_i/rv_system/WuKong_0/inst/core/Backend/pipeStage6_io_right_bits_rs2[35]} {system_top_i/rv_system/WuKong_0/inst/core/Backend/pipeStage6_io_right_bits_rs2[36]} {system_top_i/rv_system/WuKong_0/inst/core/Backend/pipeStage6_io_right_bits_rs2[37]} {system_top_i/rv_system/WuKong_0/inst/core/Backend/pipeStage6_io_right_bits_rs2[38]} {system_top_i/rv_system/WuKong_0/inst/core/Backend/pipeStage6_io_right_bits_rs2[39]} {system_top_i/rv_system/WuKong_0/inst/core/Backend/pipeStage6_io_right_bits_rs2[40]} {system_top_i/rv_system/WuKong_0/inst/core/Backend/pipeStage6_io_right_bits_rs2[41]} {system_top_i/rv_system/WuKong_0/inst/core/Backend/pipeStage6_io_right_bits_rs2[42]} {system_top_i/rv_system/WuKong_0/inst/core/Backend/pipeStage6_io_right_bits_rs2[43]} {system_top_i/rv_system/WuKong_0/inst/core/Backend/pipeStage6_io_right_bits_rs2[44]} {system_top_i/rv_system/WuKong_0/inst/core/Backend/pipeStage6_io_right_bits_rs2[45]} {system_top_i/rv_system/WuKong_0/inst/core/Backend/pipeStage6_io_right_bits_rs2[46]} {system_top_i/rv_system/WuKong_0/inst/core/Backend/pipeStage6_io_right_bits_rs2[47]} {system_top_i/rv_system/WuKong_0/inst/core/Backend/pipeStage6_io_right_bits_rs2[48]} {system_top_i/rv_system/WuKong_0/inst/core/Backend/pipeStage6_io_right_bits_rs2[49]} {system_top_i/rv_system/WuKong_0/inst/core/Backend/pipeStage6_io_right_bits_rs2[50]} {system_top_i/rv_system/WuKong_0/inst/core/Backend/pipeStage6_io_right_bits_rs2[51]} {system_top_i/rv_system/WuKong_0/inst/core/Backend/pipeStage6_io_right_bits_rs2[52]} {system_top_i/rv_system/WuKong_0/inst/core/Backend/pipeStage6_io_right_bits_rs2[53]} {system_top_i/rv_system/WuKong_0/inst/core/Backend/pipeStage6_io_right_bits_rs2[54]} {system_top_i/rv_system/WuKong_0/inst/core/Backend/pipeStage6_io_right_bits_rs2[55]} {system_top_i/rv_system/WuKong_0/inst/core/Backend/pipeStage6_io_right_bits_rs2[56]} {system_top_i/rv_system/WuKong_0/inst/core/Backend/pipeStage6_io_right_bits_rs2[57]} {system_top_i/rv_system/WuKong_0/inst/core/Backend/pipeStage6_io_right_bits_rs2[58]} {system_top_i/rv_system/WuKong_0/inst/core/Backend/pipeStage6_io_right_bits_rs2[59]} {system_top_i/rv_system/WuKong_0/inst/core/Backend/pipeStage6_io_right_bits_rs2[60]} {system_top_i/rv_system/WuKong_0/inst/core/Backend/pipeStage6_io_right_bits_rs2[61]} {system_top_i/rv_system/WuKong_0/inst/core/Backend/pipeStage6_io_right_bits_rs2[62]} {system_top_i/rv_system/WuKong_0/inst/core/Backend/pipeStage6_io_right_bits_rs2[63]} ]]
create_debug_port u_ila_0 probe
set_property port_width 4 [get_debug_ports u_ila_0/probe25]
set_property PROBE_TYPE DATA_AND_TRIGGER [get_debug_ports u_ila_0/probe25]
connect_debug_port u_ila_0/probe25 [get_nets [list {system_top_i/rv_system/WuKong_0/inst/core/io_mmio_req_bits_cmd[0]} {system_top_i/rv_system/WuKong_0/inst/core/io_mmio_req_bits_cmd[1]} {system_top_i/rv_system/WuKong_0/inst/core/io_mmio_req_bits_cmd[2]} {system_top_i/rv_system/WuKong_0/inst/core/io_mmio_req_bits_cmd[3]} ]]
create_debug_port u_ila_0 probe
set_property port_width 64 [get_debug_ports u_ila_0/probe26]
set_property PROBE_TYPE DATA_AND_TRIGGER [get_debug_ports u_ila_0/probe26]
connect_debug_port u_ila_0/probe26 [get_nets [list {system_top_i/rv_system/WuKong_0/inst/core/io_mmio_resp_bits_rdata[0]} {system_top_i/rv_system/WuKong_0/inst/core/io_mmio_resp_bits_rdata[1]} {system_top_i/rv_system/WuKong_0/inst/core/io_mmio_resp_bits_rdata[2]} {system_top_i/rv_system/WuKong_0/inst/core/io_mmio_resp_bits_rdata[3]} {system_top_i/rv_system/WuKong_0/inst/core/io_mmio_resp_bits_rdata[4]} {system_top_i/rv_system/WuKong_0/inst/core/io_mmio_resp_bits_rdata[5]} {system_top_i/rv_system/WuKong_0/inst/core/io_mmio_resp_bits_rdata[6]} {system_top_i/rv_system/WuKong_0/inst/core/io_mmio_resp_bits_rdata[7]} {system_top_i/rv_system/WuKong_0/inst/core/io_mmio_resp_bits_rdata[8]} {system_top_i/rv_system/WuKong_0/inst/core/io_mmio_resp_bits_rdata[9]} {system_top_i/rv_system/WuKong_0/inst/core/io_mmio_resp_bits_rdata[10]} {system_top_i/rv_system/WuKong_0/inst/core/io_mmio_resp_bits_rdata[11]} {system_top_i/rv_system/WuKong_0/inst/core/io_mmio_resp_bits_rdata[12]} {system_top_i/rv_system/WuKong_0/inst/core/io_mmio_resp_bits_rdata[13]} {system_top_i/rv_system/WuKong_0/inst/core/io_mmio_resp_bits_rdata[14]} {system_top_i/rv_system/WuKong_0/inst/core/io_mmio_resp_bits_rdata[15]} {system_top_i/rv_system/WuKong_0/inst/core/io_mmio_resp_bits_rdata[16]} {system_top_i/rv_system/WuKong_0/inst/core/io_mmio_resp_bits_rdata[17]} {system_top_i/rv_system/WuKong_0/inst/core/io_mmio_resp_bits_rdata[18]} {system_top_i/rv_system/WuKong_0/inst/core/io_mmio_resp_bits_rdata[19]} {system_top_i/rv_system/WuKong_0/inst/core/io_mmio_resp_bits_rdata[20]} {system_top_i/rv_system/WuKong_0/inst/core/io_mmio_resp_bits_rdata[21]} {system_top_i/rv_system/WuKong_0/inst/core/io_mmio_resp_bits_rdata[22]} {system_top_i/rv_system/WuKong_0/inst/core/io_mmio_resp_bits_rdata[23]} {system_top_i/rv_system/WuKong_0/inst/core/io_mmio_resp_bits_rdata[24]} {system_top_i/rv_system/WuKong_0/inst/core/io_mmio_resp_bits_rdata[25]} {system_top_i/rv_system/WuKong_0/inst/core/io_mmio_resp_bits_rdata[26]} {system_top_i/rv_system/WuKong_0/inst/core/io_mmio_resp_bits_rdata[27]} {system_top_i/rv_system/WuKong_0/inst/core/io_mmio_resp_bits_rdata[28]} {system_top_i/rv_system/WuKong_0/inst/core/io_mmio_resp_bits_rdata[29]} {system_top_i/rv_system/WuKong_0/inst/core/io_mmio_resp_bits_rdata[30]} {system_top_i/rv_system/WuKong_0/inst/core/io_mmio_resp_bits_rdata[31]} {system_top_i/rv_system/WuKong_0/inst/core/io_mmio_resp_bits_rdata[32]} {system_top_i/rv_system/WuKong_0/inst/core/io_mmio_resp_bits_rdata[33]} {system_top_i/rv_system/WuKong_0/inst/core/io_mmio_resp_bits_rdata[34]} {system_top_i/rv_system/WuKong_0/inst/core/io_mmio_resp_bits_rdata[35]} {system_top_i/rv_system/WuKong_0/inst/core/io_mmio_resp_bits_rdata[36]} {system_top_i/rv_system/WuKong_0/inst/core/io_mmio_resp_bits_rdata[37]} {system_top_i/rv_system/WuKong_0/inst/core/io_mmio_resp_bits_rdata[38]} {system_top_i/rv_system/WuKong_0/inst/core/io_mmio_resp_bits_rdata[39]} {system_top_i/rv_system/WuKong_0/inst/core/io_mmio_resp_bits_rdata[40]} {system_top_i/rv_system/WuKong_0/inst/core/io_mmio_resp_bits_rdata[41]} {system_top_i/rv_system/WuKong_0/inst/core/io_mmio_resp_bits_rdata[42]} {system_top_i/rv_system/WuKong_0/inst/core/io_mmio_resp_bits_rdata[43]} {system_top_i/rv_system/WuKong_0/inst/core/io_mmio_resp_bits_rdata[44]} {system_top_i/rv_system/WuKong_0/inst/core/io_mmio_resp_bits_rdata[45]} {system_top_i/rv_system/WuKong_0/inst/core/io_mmio_resp_bits_rdata[46]} {system_top_i/rv_system/WuKong_0/inst/core/io_mmio_resp_bits_rdata[47]} {system_top_i/rv_system/WuKong_0/inst/core/io_mmio_resp_bits_rdata[48]} {system_top_i/rv_system/WuKong_0/inst/core/io_mmio_resp_bits_rdata[49]} {system_top_i/rv_system/WuKong_0/inst/core/io_mmio_resp_bits_rdata[50]} {system_top_i/rv_system/WuKong_0/inst/core/io_mmio_resp_bits_rdata[51]} {system_top_i/rv_system/WuKong_0/inst/core/io_mmio_resp_bits_rdata[52]} {system_top_i/rv_system/WuKong_0/inst/core/io_mmio_resp_bits_rdata[53]} {system_top_i/rv_system/WuKong_0/inst/core/io_mmio_resp_bits_rdata[54]} {system_top_i/rv_system/WuKong_0/inst/core/io_mmio_resp_bits_rdata[55]} {system_top_i/rv_system/WuKong_0/inst/core/io_mmio_resp_bits_rdata[56]} {system_top_i/rv_system/WuKong_0/inst/core/io_mmio_resp_bits_rdata[57]} {system_top_i/rv_system/WuKong_0/inst/core/io_mmio_resp_bits_rdata[58]} {system_top_i/rv_system/WuKong_0/inst/core/io_mmio_resp_bits_rdata[59]} {system_top_i/rv_system/WuKong_0/inst/core/io_mmio_resp_bits_rdata[60]} {system_top_i/rv_system/WuKong_0/inst/core/io_mmio_resp_bits_rdata[61]} {system_top_i/rv_system/WuKong_0/inst/core/io_mmio_resp_bits_rdata[62]} {system_top_i/rv_system/WuKong_0/inst/core/io_mmio_resp_bits_rdata[63]} ]]
create_debug_port u_ila_0 probe
set_property port_width 4 [get_debug_ports u_ila_0/probe27]
set_property PROBE_TYPE DATA_AND_TRIGGER [get_debug_ports u_ila_0/probe27]
connect_debug_port u_ila_0/probe27 [get_nets [list {system_top_i/rv_system/WuKong_0/inst/core/io_mmio_resp_bits_cmd[0]} {system_top_i/rv_system/WuKong_0/inst/core/io_mmio_resp_bits_cmd[1]} {system_top_i/rv_system/WuKong_0/inst/core/io_mmio_resp_bits_cmd[2]} {system_top_i/rv_system/WuKong_0/inst/core/io_mmio_resp_bits_cmd[3]} ]]
create_debug_port u_ila_0 probe
set_property port_width 64 [get_debug_ports u_ila_0/probe28]
set_property PROBE_TYPE DATA_AND_TRIGGER [get_debug_ports u_ila_0/probe28]
connect_debug_port u_ila_0/probe28 [get_nets [list {system_top_i/rv_system/WuKong_0/inst/core/io_mmio_req_bits_wdata[0]} {system_top_i/rv_system/WuKong_0/inst/core/io_mmio_req_bits_wdata[1]} {system_top_i/rv_system/WuKong_0/inst/core/io_mmio_req_bits_wdata[2]} {system_top_i/rv_system/WuKong_0/inst/core/io_mmio_req_bits_wdata[3]} {system_top_i/rv_system/WuKong_0/inst/core/io_mmio_req_bits_wdata[4]} {system_top_i/rv_system/WuKong_0/inst/core/io_mmio_req_bits_wdata[5]} {system_top_i/rv_system/WuKong_0/inst/core/io_mmio_req_bits_wdata[6]} {system_top_i/rv_system/WuKong_0/inst/core/io_mmio_req_bits_wdata[7]} {system_top_i/rv_system/WuKong_0/inst/core/io_mmio_req_bits_wdata[8]} {system_top_i/rv_system/WuKong_0/inst/core/io_mmio_req_bits_wdata[9]} {system_top_i/rv_system/WuKong_0/inst/core/io_mmio_req_bits_wdata[10]} {system_top_i/rv_system/WuKong_0/inst/core/io_mmio_req_bits_wdata[11]} {system_top_i/rv_system/WuKong_0/inst/core/io_mmio_req_bits_wdata[12]} {system_top_i/rv_system/WuKong_0/inst/core/io_mmio_req_bits_wdata[13]} {system_top_i/rv_system/WuKong_0/inst/core/io_mmio_req_bits_wdata[14]} {system_top_i/rv_system/WuKong_0/inst/core/io_mmio_req_bits_wdata[15]} {system_top_i/rv_system/WuKong_0/inst/core/io_mmio_req_bits_wdata[16]} {system_top_i/rv_system/WuKong_0/inst/core/io_mmio_req_bits_wdata[17]} {system_top_i/rv_system/WuKong_0/inst/core/io_mmio_req_bits_wdata[18]} {system_top_i/rv_system/WuKong_0/inst/core/io_mmio_req_bits_wdata[19]} {system_top_i/rv_system/WuKong_0/inst/core/io_mmio_req_bits_wdata[20]} {system_top_i/rv_system/WuKong_0/inst/core/io_mmio_req_bits_wdata[21]} {system_top_i/rv_system/WuKong_0/inst/core/io_mmio_req_bits_wdata[22]} {system_top_i/rv_system/WuKong_0/inst/core/io_mmio_req_bits_wdata[23]} {system_top_i/rv_system/WuKong_0/inst/core/io_mmio_req_bits_wdata[24]} {system_top_i/rv_system/WuKong_0/inst/core/io_mmio_req_bits_wdata[25]} {system_top_i/rv_system/WuKong_0/inst/core/io_mmio_req_bits_wdata[26]} {system_top_i/rv_system/WuKong_0/inst/core/io_mmio_req_bits_wdata[27]} {system_top_i/rv_system/WuKong_0/inst/core/io_mmio_req_bits_wdata[28]} {system_top_i/rv_system/WuKong_0/inst/core/io_mmio_req_bits_wdata[29]} {system_top_i/rv_system/WuKong_0/inst/core/io_mmio_req_bits_wdata[30]} {system_top_i/rv_system/WuKong_0/inst/core/io_mmio_req_bits_wdata[31]} {system_top_i/rv_system/WuKong_0/inst/core/io_mmio_req_bits_wdata[32]} {system_top_i/rv_system/WuKong_0/inst/core/io_mmio_req_bits_wdata[33]} {system_top_i/rv_system/WuKong_0/inst/core/io_mmio_req_bits_wdata[34]} {system_top_i/rv_system/WuKong_0/inst/core/io_mmio_req_bits_wdata[35]} {system_top_i/rv_system/WuKong_0/inst/core/io_mmio_req_bits_wdata[36]} {system_top_i/rv_system/WuKong_0/inst/core/io_mmio_req_bits_wdata[37]} {system_top_i/rv_system/WuKong_0/inst/core/io_mmio_req_bits_wdata[38]} {system_top_i/rv_system/WuKong_0/inst/core/io_mmio_req_bits_wdata[39]} {system_top_i/rv_system/WuKong_0/inst/core/io_mmio_req_bits_wdata[40]} {system_top_i/rv_system/WuKong_0/inst/core/io_mmio_req_bits_wdata[41]} {system_top_i/rv_system/WuKong_0/inst/core/io_mmio_req_bits_wdata[42]} {system_top_i/rv_system/WuKong_0/inst/core/io_mmio_req_bits_wdata[43]} {system_top_i/rv_system/WuKong_0/inst/core/io_mmio_req_bits_wdata[44]} {system_top_i/rv_system/WuKong_0/inst/core/io_mmio_req_bits_wdata[45]} {system_top_i/rv_system/WuKong_0/inst/core/io_mmio_req_bits_wdata[46]} {system_top_i/rv_system/WuKong_0/inst/core/io_mmio_req_bits_wdata[47]} {system_top_i/rv_system/WuKong_0/inst/core/io_mmio_req_bits_wdata[48]} {system_top_i/rv_system/WuKong_0/inst/core/io_mmio_req_bits_wdata[49]} {system_top_i/rv_system/WuKong_0/inst/core/io_mmio_req_bits_wdata[50]} {system_top_i/rv_system/WuKong_0/inst/core/io_mmio_req_bits_wdata[51]} {system_top_i/rv_system/WuKong_0/inst/core/io_mmio_req_bits_wdata[52]} {system_top_i/rv_system/WuKong_0/inst/core/io_mmio_req_bits_wdata[53]} {system_top_i/rv_system/WuKong_0/inst/core/io_mmio_req_bits_wdata[54]} {system_top_i/rv_system/WuKong_0/inst/core/io_mmio_req_bits_wdata[55]} {system_top_i/rv_system/WuKong_0/inst/core/io_mmio_req_bits_wdata[56]} {system_top_i/rv_system/WuKong_0/inst/core/io_mmio_req_bits_wdata[57]} {system_top_i/rv_system/WuKong_0/inst/core/io_mmio_req_bits_wdata[58]} {system_top_i/rv_system/WuKong_0/inst/core/io_mmio_req_bits_wdata[59]} {system_top_i/rv_system/WuKong_0/inst/core/io_mmio_req_bits_wdata[60]} {system_top_i/rv_system/WuKong_0/inst/core/io_mmio_req_bits_wdata[61]} {system_top_i/rv_system/WuKong_0/inst/core/io_mmio_req_bits_wdata[62]} {system_top_i/rv_system/WuKong_0/inst/core/io_mmio_req_bits_wdata[63]} ]]
create_debug_port u_ila_0 probe
set_property port_width 8 [get_debug_ports u_ila_0/probe29]
set_property PROBE_TYPE DATA_AND_TRIGGER [get_debug_ports u_ila_0/probe29]
connect_debug_port u_ila_0/probe29 [get_nets [list {system_top_i/rv_system/WuKong_0/inst/core/io_mmio_req_bits_wmask[0]} {system_top_i/rv_system/WuKong_0/inst/core/io_mmio_req_bits_wmask[1]} {system_top_i/rv_system/WuKong_0/inst/core/io_mmio_req_bits_wmask[2]} {system_top_i/rv_system/WuKong_0/inst/core/io_mmio_req_bits_wmask[3]} {system_top_i/rv_system/WuKong_0/inst/core/io_mmio_req_bits_wmask[4]} {system_top_i/rv_system/WuKong_0/inst/core/io_mmio_req_bits_wmask[5]} {system_top_i/rv_system/WuKong_0/inst/core/io_mmio_req_bits_wmask[6]} {system_top_i/rv_system/WuKong_0/inst/core/io_mmio_req_bits_wmask[7]} ]]
create_debug_port u_ila_0 probe
set_property port_width 32 [get_debug_ports u_ila_0/probe30]
set_property PROBE_TYPE DATA_AND_TRIGGER [get_debug_ports u_ila_0/probe30]
connect_debug_port u_ila_0/probe30 [get_nets [list {system_top_i/rv_system/WuKong_0/inst/core/io_mmio_req_bits_addr[0]} {system_top_i/rv_system/WuKong_0/inst/core/io_mmio_req_bits_addr[1]} {system_top_i/rv_system/WuKong_0/inst/core/io_mmio_req_bits_addr[2]} {system_top_i/rv_system/WuKong_0/inst/core/io_mmio_req_bits_addr[3]} {system_top_i/rv_system/WuKong_0/inst/core/io_mmio_req_bits_addr[4]} {system_top_i/rv_system/WuKong_0/inst/core/io_mmio_req_bits_addr[5]} {system_top_i/rv_system/WuKong_0/inst/core/io_mmio_req_bits_addr[6]} {system_top_i/rv_system/WuKong_0/inst/core/io_mmio_req_bits_addr[7]} {system_top_i/rv_system/WuKong_0/inst/core/io_mmio_req_bits_addr[8]} {system_top_i/rv_system/WuKong_0/inst/core/io_mmio_req_bits_addr[9]} {system_top_i/rv_system/WuKong_0/inst/core/io_mmio_req_bits_addr[10]} {system_top_i/rv_system/WuKong_0/inst/core/io_mmio_req_bits_addr[11]} {system_top_i/rv_system/WuKong_0/inst/core/io_mmio_req_bits_addr[12]} {system_top_i/rv_system/WuKong_0/inst/core/io_mmio_req_bits_addr[13]} {system_top_i/rv_system/WuKong_0/inst/core/io_mmio_req_bits_addr[14]} {system_top_i/rv_system/WuKong_0/inst/core/io_mmio_req_bits_addr[15]} {system_top_i/rv_system/WuKong_0/inst/core/io_mmio_req_bits_addr[16]} {system_top_i/rv_system/WuKong_0/inst/core/io_mmio_req_bits_addr[17]} {system_top_i/rv_system/WuKong_0/inst/core/io_mmio_req_bits_addr[18]} {system_top_i/rv_system/WuKong_0/inst/core/io_mmio_req_bits_addr[19]} {system_top_i/rv_system/WuKong_0/inst/core/io_mmio_req_bits_addr[20]} {system_top_i/rv_system/WuKong_0/inst/core/io_mmio_req_bits_addr[21]} {system_top_i/rv_system/WuKong_0/inst/core/io_mmio_req_bits_addr[22]} {system_top_i/rv_system/WuKong_0/inst/core/io_mmio_req_bits_addr[23]} {system_top_i/rv_system/WuKong_0/inst/core/io_mmio_req_bits_addr[24]} {system_top_i/rv_system/WuKong_0/inst/core/io_mmio_req_bits_addr[25]} {system_top_i/rv_system/WuKong_0/inst/core/io_mmio_req_bits_addr[26]} {system_top_i/rv_system/WuKong_0/inst/core/io_mmio_req_bits_addr[27]} {system_top_i/rv_system/WuKong_0/inst/core/io_mmio_req_bits_addr[28]} {system_top_i/rv_system/WuKong_0/inst/core/io_mmio_req_bits_addr[29]} {system_top_i/rv_system/WuKong_0/inst/core/io_mmio_req_bits_addr[30]} {system_top_i/rv_system/WuKong_0/inst/core/io_mmio_req_bits_addr[31]} ]]
create_debug_port u_ila_0 probe
set_property port_width 3 [get_debug_ports u_ila_0/probe31]
set_property PROBE_TYPE DATA_AND_TRIGGER [get_debug_ports u_ila_0/probe31]
connect_debug_port u_ila_0/probe31 [get_nets [list {system_top_i/rv_system/WuKong_0/inst/core/io_mmio_req_bits_size[0]} {system_top_i/rv_system/WuKong_0/inst/core/io_mmio_req_bits_size[1]} {system_top_i/rv_system/WuKong_0/inst/core/io_mmio_req_bits_size[2]} ]]
create_debug_port u_ila_0 probe
set_property port_width 2 [get_debug_ports u_ila_0/probe32]
set_property PROBE_TYPE DATA_AND_TRIGGER [get_debug_ports u_ila_0/probe32]
connect_debug_port u_ila_0/probe32 [get_nets [list {system_top_i/rv_system/WuKong_0/inst/io_mmio_bresp[0]} {system_top_i/rv_system/WuKong_0/inst/io_mmio_bresp[1]} ]]
create_debug_port u_ila_0 probe
set_property port_width 4 [get_debug_ports u_ila_0/probe33]
set_property PROBE_TYPE DATA_AND_TRIGGER [get_debug_ports u_ila_0/probe33]
connect_debug_port u_ila_0/probe33 [get_nets [list {system_top_i/rv_system/WuKong_0/inst/io_mmio_rid[0]} {system_top_i/rv_system/WuKong_0/inst/io_mmio_rid[1]} {system_top_i/rv_system/WuKong_0/inst/io_mmio_rid[2]} {system_top_i/rv_system/WuKong_0/inst/io_mmio_rid[3]} ]]
create_debug_port u_ila_0 probe
set_property port_width 8 [get_debug_ports u_ila_0/probe34]
set_property PROBE_TYPE DATA_AND_TRIGGER [get_debug_ports u_ila_0/probe34]
connect_debug_port u_ila_0/probe34 [get_nets [list {system_top_i/rv_system/WuKong_0/inst/io_mmio_awlen[0]} {system_top_i/rv_system/WuKong_0/inst/io_mmio_awlen[1]} {system_top_i/rv_system/WuKong_0/inst/io_mmio_awlen[2]} {system_top_i/rv_system/WuKong_0/inst/io_mmio_awlen[3]} {system_top_i/rv_system/WuKong_0/inst/io_mmio_awlen[4]} {system_top_i/rv_system/WuKong_0/inst/io_mmio_awlen[5]} {system_top_i/rv_system/WuKong_0/inst/io_mmio_awlen[6]} {system_top_i/rv_system/WuKong_0/inst/io_mmio_awlen[7]} ]]
create_debug_port u_ila_0 probe
set_property port_width 8 [get_debug_ports u_ila_0/probe35]
set_property PROBE_TYPE DATA_AND_TRIGGER [get_debug_ports u_ila_0/probe35]
connect_debug_port u_ila_0/probe35 [get_nets [list {system_top_i/rv_system/WuKong_0/inst/io_mmio_wstrb[0]} {system_top_i/rv_system/WuKong_0/inst/io_mmio_wstrb[1]} {system_top_i/rv_system/WuKong_0/inst/io_mmio_wstrb[2]} {system_top_i/rv_system/WuKong_0/inst/io_mmio_wstrb[3]} {system_top_i/rv_system/WuKong_0/inst/io_mmio_wstrb[4]} {system_top_i/rv_system/WuKong_0/inst/io_mmio_wstrb[5]} {system_top_i/rv_system/WuKong_0/inst/io_mmio_wstrb[6]} {system_top_i/rv_system/WuKong_0/inst/io_mmio_wstrb[7]} ]]
create_debug_port u_ila_0 probe
set_property port_width 2 [get_debug_ports u_ila_0/probe36]
set_property PROBE_TYPE DATA_AND_TRIGGER [get_debug_ports u_ila_0/probe36]
connect_debug_port u_ila_0/probe36 [get_nets [list {system_top_i/rv_system/WuKong_0/inst/io_mmio_rresp[0]} {system_top_i/rv_system/WuKong_0/inst/io_mmio_rresp[1]} ]]
create_debug_port u_ila_0 probe
set_property port_width 64 [get_debug_ports u_ila_0/probe37]
set_property PROBE_TYPE DATA_AND_TRIGGER [get_debug_ports u_ila_0/probe37]
connect_debug_port u_ila_0/probe37 [get_nets [list {system_top_i/rv_system/WuKong_0/inst/io_mmio_rdata[0]} {system_top_i/rv_system/WuKong_0/inst/io_mmio_rdata[1]} {system_top_i/rv_system/WuKong_0/inst/io_mmio_rdata[2]} {system_top_i/rv_system/WuKong_0/inst/io_mmio_rdata[3]} {system_top_i/rv_system/WuKong_0/inst/io_mmio_rdata[4]} {system_top_i/rv_system/WuKong_0/inst/io_mmio_rdata[5]} {system_top_i/rv_system/WuKong_0/inst/io_mmio_rdata[6]} {system_top_i/rv_system/WuKong_0/inst/io_mmio_rdata[7]} {system_top_i/rv_system/WuKong_0/inst/io_mmio_rdata[8]} {system_top_i/rv_system/WuKong_0/inst/io_mmio_rdata[9]} {system_top_i/rv_system/WuKong_0/inst/io_mmio_rdata[10]} {system_top_i/rv_system/WuKong_0/inst/io_mmio_rdata[11]} {system_top_i/rv_system/WuKong_0/inst/io_mmio_rdata[12]} {system_top_i/rv_system/WuKong_0/inst/io_mmio_rdata[13]} {system_top_i/rv_system/WuKong_0/inst/io_mmio_rdata[14]} {system_top_i/rv_system/WuKong_0/inst/io_mmio_rdata[15]} {system_top_i/rv_system/WuKong_0/inst/io_mmio_rdata[16]} {system_top_i/rv_system/WuKong_0/inst/io_mmio_rdata[17]} {system_top_i/rv_system/WuKong_0/inst/io_mmio_rdata[18]} {system_top_i/rv_system/WuKong_0/inst/io_mmio_rdata[19]} {system_top_i/rv_system/WuKong_0/inst/io_mmio_rdata[20]} {system_top_i/rv_system/WuKong_0/inst/io_mmio_rdata[21]} {system_top_i/rv_system/WuKong_0/inst/io_mmio_rdata[22]} {system_top_i/rv_system/WuKong_0/inst/io_mmio_rdata[23]} {system_top_i/rv_system/WuKong_0/inst/io_mmio_rdata[24]} {system_top_i/rv_system/WuKong_0/inst/io_mmio_rdata[25]} {system_top_i/rv_system/WuKong_0/inst/io_mmio_rdata[26]} {system_top_i/rv_system/WuKong_0/inst/io_mmio_rdata[27]} {system_top_i/rv_system/WuKong_0/inst/io_mmio_rdata[28]} {system_top_i/rv_system/WuKong_0/inst/io_mmio_rdata[29]} {system_top_i/rv_system/WuKong_0/inst/io_mmio_rdata[30]} {system_top_i/rv_system/WuKong_0/inst/io_mmio_rdata[31]} {system_top_i/rv_system/WuKong_0/inst/io_mmio_rdata[32]} {system_top_i/rv_system/WuKong_0/inst/io_mmio_rdata[33]} {system_top_i/rv_system/WuKong_0/inst/io_mmio_rdata[34]} {system_top_i/rv_system/WuKong_0/inst/io_mmio_rdata[35]} {system_top_i/rv_system/WuKong_0/inst/io_mmio_rdata[36]} {system_top_i/rv_system/WuKong_0/inst/io_mmio_rdata[37]} {system_top_i/rv_system/WuKong_0/inst/io_mmio_rdata[38]} {system_top_i/rv_system/WuKong_0/inst/io_mmio_rdata[39]} {system_top_i/rv_system/WuKong_0/inst/io_mmio_rdata[40]} {system_top_i/rv_system/WuKong_0/inst/io_mmio_rdata[41]} {system_top_i/rv_system/WuKong_0/inst/io_mmio_rdata[42]} {system_top_i/rv_system/WuKong_0/inst/io_mmio_rdata[43]} {system_top_i/rv_system/WuKong_0/inst/io_mmio_rdata[44]} {system_top_i/rv_system/WuKong_0/inst/io_mmio_rdata[45]} {system_top_i/rv_system/WuKong_0/inst/io_mmio_rdata[46]} {system_top_i/rv_system/WuKong_0/inst/io_mmio_rdata[47]} {system_top_i/rv_system/WuKong_0/inst/io_mmio_rdata[48]} {system_top_i/rv_system/WuKong_0/inst/io_mmio_rdata[49]} {system_top_i/rv_system/WuKong_0/inst/io_mmio_rdata[50]} {system_top_i/rv_system/WuKong_0/inst/io_mmio_rdata[51]} {system_top_i/rv_system/WuKong_0/inst/io_mmio_rdata[52]} {system_top_i/rv_system/WuKong_0/inst/io_mmio_rdata[53]} {system_top_i/rv_system/WuKong_0/inst/io_mmio_rdata[54]} {system_top_i/rv_system/WuKong_0/inst/io_mmio_rdata[55]} {system_top_i/rv_system/WuKong_0/inst/io_mmio_rdata[56]} {system_top_i/rv_system/WuKong_0/inst/io_mmio_rdata[57]} {system_top_i/rv_system/WuKong_0/inst/io_mmio_rdata[58]} {system_top_i/rv_system/WuKong_0/inst/io_mmio_rdata[59]} {system_top_i/rv_system/WuKong_0/inst/io_mmio_rdata[60]} {system_top_i/rv_system/WuKong_0/inst/io_mmio_rdata[61]} {system_top_i/rv_system/WuKong_0/inst/io_mmio_rdata[62]} {system_top_i/rv_system/WuKong_0/inst/io_mmio_rdata[63]} ]]
create_debug_port u_ila_0 probe
set_property port_width 4 [get_debug_ports u_ila_0/probe38]
set_property PROBE_TYPE DATA_AND_TRIGGER [get_debug_ports u_ila_0/probe38]
connect_debug_port u_ila_0/probe38 [get_nets [list {system_top_i/rv_system/WuKong_0/inst/io_mmio_bid[0]} {system_top_i/rv_system/WuKong_0/inst/io_mmio_bid[1]} {system_top_i/rv_system/WuKong_0/inst/io_mmio_bid[2]} {system_top_i/rv_system/WuKong_0/inst/io_mmio_bid[3]} ]]
create_debug_port u_ila_0 probe
set_property port_width 32 [get_debug_ports u_ila_0/probe39]
set_property PROBE_TYPE DATA_AND_TRIGGER [get_debug_ports u_ila_0/probe39]
connect_debug_port u_ila_0/probe39 [get_nets [list {system_top_i/rv_system/WuKong_0/inst/io_mmio_awaddr[0]} {system_top_i/rv_system/WuKong_0/inst/io_mmio_awaddr[1]} {system_top_i/rv_system/WuKong_0/inst/io_mmio_awaddr[2]} {system_top_i/rv_system/WuKong_0/inst/io_mmio_awaddr[3]} {system_top_i/rv_system/WuKong_0/inst/io_mmio_awaddr[4]} {system_top_i/rv_system/WuKong_0/inst/io_mmio_awaddr[5]} {system_top_i/rv_system/WuKong_0/inst/io_mmio_awaddr[6]} {system_top_i/rv_system/WuKong_0/inst/io_mmio_awaddr[7]} {system_top_i/rv_system/WuKong_0/inst/io_mmio_awaddr[8]} {system_top_i/rv_system/WuKong_0/inst/io_mmio_awaddr[9]} {system_top_i/rv_system/WuKong_0/inst/io_mmio_awaddr[10]} {system_top_i/rv_system/WuKong_0/inst/io_mmio_awaddr[11]} {system_top_i/rv_system/WuKong_0/inst/io_mmio_awaddr[12]} {system_top_i/rv_system/WuKong_0/inst/io_mmio_awaddr[13]} {system_top_i/rv_system/WuKong_0/inst/io_mmio_awaddr[14]} {system_top_i/rv_system/WuKong_0/inst/io_mmio_awaddr[15]} {system_top_i/rv_system/WuKong_0/inst/io_mmio_awaddr[16]} {system_top_i/rv_system/WuKong_0/inst/io_mmio_awaddr[17]} {system_top_i/rv_system/WuKong_0/inst/io_mmio_awaddr[18]} {system_top_i/rv_system/WuKong_0/inst/io_mmio_awaddr[19]} {system_top_i/rv_system/WuKong_0/inst/io_mmio_awaddr[20]} {system_top_i/rv_system/WuKong_0/inst/io_mmio_awaddr[21]} {system_top_i/rv_system/WuKong_0/inst/io_mmio_awaddr[22]} {system_top_i/rv_system/WuKong_0/inst/io_mmio_awaddr[23]} {system_top_i/rv_system/WuKong_0/inst/io_mmio_awaddr[24]} {system_top_i/rv_system/WuKong_0/inst/io_mmio_awaddr[25]} {system_top_i/rv_system/WuKong_0/inst/io_mmio_awaddr[26]} {system_top_i/rv_system/WuKong_0/inst/io_mmio_awaddr[27]} {system_top_i/rv_system/WuKong_0/inst/io_mmio_awaddr[28]} {system_top_i/rv_system/WuKong_0/inst/io_mmio_awaddr[29]} {system_top_i/rv_system/WuKong_0/inst/io_mmio_awaddr[30]} {system_top_i/rv_system/WuKong_0/inst/io_mmio_awaddr[31]} ]]
create_debug_port u_ila_0 probe
set_property port_width 3 [get_debug_ports u_ila_0/probe40]
set_property PROBE_TYPE DATA_AND_TRIGGER [get_debug_ports u_ila_0/probe40]
connect_debug_port u_ila_0/probe40 [get_nets [list {system_top_i/rv_system/WuKong_0/inst/io_mmio_awsize[0]} {system_top_i/rv_system/WuKong_0/inst/io_mmio_awsize[1]} {system_top_i/rv_system/WuKong_0/inst/io_mmio_awsize[2]} ]]
create_debug_port u_ila_0 probe
set_property port_width 64 [get_debug_ports u_ila_0/probe41]
set_property PROBE_TYPE DATA_AND_TRIGGER [get_debug_ports u_ila_0/probe41]
connect_debug_port u_ila_0/probe41 [get_nets [list {system_top_i/rv_system/WuKong_0/inst/io_mmio_wdata[0]} {system_top_i/rv_system/WuKong_0/inst/io_mmio_wdata[1]} {system_top_i/rv_system/WuKong_0/inst/io_mmio_wdata[2]} {system_top_i/rv_system/WuKong_0/inst/io_mmio_wdata[3]} {system_top_i/rv_system/WuKong_0/inst/io_mmio_wdata[4]} {system_top_i/rv_system/WuKong_0/inst/io_mmio_wdata[5]} {system_top_i/rv_system/WuKong_0/inst/io_mmio_wdata[6]} {system_top_i/rv_system/WuKong_0/inst/io_mmio_wdata[7]} {system_top_i/rv_system/WuKong_0/inst/io_mmio_wdata[8]} {system_top_i/rv_system/WuKong_0/inst/io_mmio_wdata[9]} {system_top_i/rv_system/WuKong_0/inst/io_mmio_wdata[10]} {system_top_i/rv_system/WuKong_0/inst/io_mmio_wdata[11]} {system_top_i/rv_system/WuKong_0/inst/io_mmio_wdata[12]} {system_top_i/rv_system/WuKong_0/inst/io_mmio_wdata[13]} {system_top_i/rv_system/WuKong_0/inst/io_mmio_wdata[14]} {system_top_i/rv_system/WuKong_0/inst/io_mmio_wdata[15]} {system_top_i/rv_system/WuKong_0/inst/io_mmio_wdata[16]} {system_top_i/rv_system/WuKong_0/inst/io_mmio_wdata[17]} {system_top_i/rv_system/WuKong_0/inst/io_mmio_wdata[18]} {system_top_i/rv_system/WuKong_0/inst/io_mmio_wdata[19]} {system_top_i/rv_system/WuKong_0/inst/io_mmio_wdata[20]} {system_top_i/rv_system/WuKong_0/inst/io_mmio_wdata[21]} {system_top_i/rv_system/WuKong_0/inst/io_mmio_wdata[22]} {system_top_i/rv_system/WuKong_0/inst/io_mmio_wdata[23]} {system_top_i/rv_system/WuKong_0/inst/io_mmio_wdata[24]} {system_top_i/rv_system/WuKong_0/inst/io_mmio_wdata[25]} {system_top_i/rv_system/WuKong_0/inst/io_mmio_wdata[26]} {system_top_i/rv_system/WuKong_0/inst/io_mmio_wdata[27]} {system_top_i/rv_system/WuKong_0/inst/io_mmio_wdata[28]} {system_top_i/rv_system/WuKong_0/inst/io_mmio_wdata[29]} {system_top_i/rv_system/WuKong_0/inst/io_mmio_wdata[30]} {system_top_i/rv_system/WuKong_0/inst/io_mmio_wdata[31]} {system_top_i/rv_system/WuKong_0/inst/io_mmio_wdata[32]} {system_top_i/rv_system/WuKong_0/inst/io_mmio_wdata[33]} {system_top_i/rv_system/WuKong_0/inst/io_mmio_wdata[34]} {system_top_i/rv_system/WuKong_0/inst/io_mmio_wdata[35]} {system_top_i/rv_system/WuKong_0/inst/io_mmio_wdata[36]} {system_top_i/rv_system/WuKong_0/inst/io_mmio_wdata[37]} {system_top_i/rv_system/WuKong_0/inst/io_mmio_wdata[38]} {system_top_i/rv_system/WuKong_0/inst/io_mmio_wdata[39]} {system_top_i/rv_system/WuKong_0/inst/io_mmio_wdata[40]} {system_top_i/rv_system/WuKong_0/inst/io_mmio_wdata[41]} {system_top_i/rv_system/WuKong_0/inst/io_mmio_wdata[42]} {system_top_i/rv_system/WuKong_0/inst/io_mmio_wdata[43]} {system_top_i/rv_system/WuKong_0/inst/io_mmio_wdata[44]} {system_top_i/rv_system/WuKong_0/inst/io_mmio_wdata[45]} {system_top_i/rv_system/WuKong_0/inst/io_mmio_wdata[46]} {system_top_i/rv_system/WuKong_0/inst/io_mmio_wdata[47]} {system_top_i/rv_system/WuKong_0/inst/io_mmio_wdata[48]} {system_top_i/rv_system/WuKong_0/inst/io_mmio_wdata[49]} {system_top_i/rv_system/WuKong_0/inst/io_mmio_wdata[50]} {system_top_i/rv_system/WuKong_0/inst/io_mmio_wdata[51]} {system_top_i/rv_system/WuKong_0/inst/io_mmio_wdata[52]} {system_top_i/rv_system/WuKong_0/inst/io_mmio_wdata[53]} {system_top_i/rv_system/WuKong_0/inst/io_mmio_wdata[54]} {system_top_i/rv_system/WuKong_0/inst/io_mmio_wdata[55]} {system_top_i/rv_system/WuKong_0/inst/io_mmio_wdata[56]} {system_top_i/rv_system/WuKong_0/inst/io_mmio_wdata[57]} {system_top_i/rv_system/WuKong_0/inst/io_mmio_wdata[58]} {system_top_i/rv_system/WuKong_0/inst/io_mmio_wdata[59]} {system_top_i/rv_system/WuKong_0/inst/io_mmio_wdata[60]} {system_top_i/rv_system/WuKong_0/inst/io_mmio_wdata[61]} {system_top_i/rv_system/WuKong_0/inst/io_mmio_wdata[62]} {system_top_i/rv_system/WuKong_0/inst/io_mmio_wdata[63]} ]]
create_debug_port u_ila_0 probe
set_property port_width 2 [get_debug_ports u_ila_0/probe42]
set_property PROBE_TYPE DATA_AND_TRIGGER [get_debug_ports u_ila_0/probe42]
connect_debug_port u_ila_0/probe42 [get_nets [list {system_top_i/rv_system/WuKong_0/inst/io_mmio_awburst[0]} {system_top_i/rv_system/WuKong_0/inst/io_mmio_awburst[1]} ]]
create_debug_port u_ila_0 probe
set_property port_width 32 [get_debug_ports u_ila_0/probe43]
set_property PROBE_TYPE DATA_AND_TRIGGER [get_debug_ports u_ila_0/probe43]
connect_debug_port u_ila_0/probe43 [get_nets [list {system_top_i/rv_system/WuKong_0/inst/io_mmio_araddr[0]} {system_top_i/rv_system/WuKong_0/inst/io_mmio_araddr[1]} {system_top_i/rv_system/WuKong_0/inst/io_mmio_araddr[2]} {system_top_i/rv_system/WuKong_0/inst/io_mmio_araddr[3]} {system_top_i/rv_system/WuKong_0/inst/io_mmio_araddr[4]} {system_top_i/rv_system/WuKong_0/inst/io_mmio_araddr[5]} {system_top_i/rv_system/WuKong_0/inst/io_mmio_araddr[6]} {system_top_i/rv_system/WuKong_0/inst/io_mmio_araddr[7]} {system_top_i/rv_system/WuKong_0/inst/io_mmio_araddr[8]} {system_top_i/rv_system/WuKong_0/inst/io_mmio_araddr[9]} {system_top_i/rv_system/WuKong_0/inst/io_mmio_araddr[10]} {system_top_i/rv_system/WuKong_0/inst/io_mmio_araddr[11]} {system_top_i/rv_system/WuKong_0/inst/io_mmio_araddr[12]} {system_top_i/rv_system/WuKong_0/inst/io_mmio_araddr[13]} {system_top_i/rv_system/WuKong_0/inst/io_mmio_araddr[14]} {system_top_i/rv_system/WuKong_0/inst/io_mmio_araddr[15]} {system_top_i/rv_system/WuKong_0/inst/io_mmio_araddr[16]} {system_top_i/rv_system/WuKong_0/inst/io_mmio_araddr[17]} {system_top_i/rv_system/WuKong_0/inst/io_mmio_araddr[18]} {system_top_i/rv_system/WuKong_0/inst/io_mmio_araddr[19]} {system_top_i/rv_system/WuKong_0/inst/io_mmio_araddr[20]} {system_top_i/rv_system/WuKong_0/inst/io_mmio_araddr[21]} {system_top_i/rv_system/WuKong_0/inst/io_mmio_araddr[22]} {system_top_i/rv_system/WuKong_0/inst/io_mmio_araddr[23]} {system_top_i/rv_system/WuKong_0/inst/io_mmio_araddr[24]} {system_top_i/rv_system/WuKong_0/inst/io_mmio_araddr[25]} {system_top_i/rv_system/WuKong_0/inst/io_mmio_araddr[26]} {system_top_i/rv_system/WuKong_0/inst/io_mmio_araddr[27]} {system_top_i/rv_system/WuKong_0/inst/io_mmio_araddr[28]} {system_top_i/rv_system/WuKong_0/inst/io_mmio_araddr[29]} {system_top_i/rv_system/WuKong_0/inst/io_mmio_araddr[30]} {system_top_i/rv_system/WuKong_0/inst/io_mmio_araddr[31]} ]]
create_debug_port u_ila_0 probe
set_property port_width 8 [get_debug_ports u_ila_0/probe44]
set_property PROBE_TYPE DATA_AND_TRIGGER [get_debug_ports u_ila_0/probe44]
connect_debug_port u_ila_0/probe44 [get_nets [list {system_top_i/rv_system/WuKong_0/inst/io_mmio_arlen[0]} {system_top_i/rv_system/WuKong_0/inst/io_mmio_arlen[1]} {system_top_i/rv_system/WuKong_0/inst/io_mmio_arlen[2]} {system_top_i/rv_system/WuKong_0/inst/io_mmio_arlen[3]} {system_top_i/rv_system/WuKong_0/inst/io_mmio_arlen[4]} {system_top_i/rv_system/WuKong_0/inst/io_mmio_arlen[5]} {system_top_i/rv_system/WuKong_0/inst/io_mmio_arlen[6]} {system_top_i/rv_system/WuKong_0/inst/io_mmio_arlen[7]} ]]
create_debug_port u_ila_0 probe
set_property port_width 2 [get_debug_ports u_ila_0/probe45]
set_property PROBE_TYPE DATA_AND_TRIGGER [get_debug_ports u_ila_0/probe45]
connect_debug_port u_ila_0/probe45 [get_nets [list {system_top_i/rv_system/WuKong_0/inst/io_mmio_arburst[0]} {system_top_i/rv_system/WuKong_0/inst/io_mmio_arburst[1]} ]]
create_debug_port u_ila_0 probe
set_property port_width 3 [get_debug_ports u_ila_0/probe46]
set_property PROBE_TYPE DATA_AND_TRIGGER [get_debug_ports u_ila_0/probe46]
connect_debug_port u_ila_0/probe46 [get_nets [list {system_top_i/rv_system/WuKong_0/inst/io_mmio_arsize[0]} {system_top_i/rv_system/WuKong_0/inst/io_mmio_arsize[1]} {system_top_i/rv_system/WuKong_0/inst/io_mmio_arsize[2]} ]]
create_debug_port u_ila_0 probe
set_property port_width 4 [get_debug_ports u_ila_0/probe47]
set_property PROBE_TYPE DATA_AND_TRIGGER [get_debug_ports u_ila_0/probe47]
connect_debug_port u_ila_0/probe47 [get_nets [list {system_top_i/rv_system/WuKong_0/inst/io_mmio_awid[0]} {system_top_i/rv_system/WuKong_0/inst/io_mmio_awid[1]} {system_top_i/rv_system/WuKong_0/inst/io_mmio_awid[2]} {system_top_i/rv_system/WuKong_0/inst/io_mmio_awid[3]} ]]
create_debug_port u_ila_0 probe
set_property port_width 4 [get_debug_ports u_ila_0/probe48]
set_property PROBE_TYPE DATA_AND_TRIGGER [get_debug_ports u_ila_0/probe48]
connect_debug_port u_ila_0/probe48 [get_nets [list {system_top_i/rv_system/WuKong_0/inst/io_mmio_arid[0]} {system_top_i/rv_system/WuKong_0/inst/io_mmio_arid[1]} {system_top_i/rv_system/WuKong_0/inst/io_mmio_arid[2]} {system_top_i/rv_system/WuKong_0/inst/io_mmio_arid[3]} ]]
create_debug_port u_ila_0 probe
set_property port_width 1 [get_debug_ports u_ila_0/probe49]
set_property PROBE_TYPE DATA_AND_TRIGGER [get_debug_ports u_ila_0/probe49]
connect_debug_port u_ila_0/probe49 [get_nets [list system_top_i/rv_system/WuKong_0/inst/core/Backend/LSU/io_in_0_valid ]]
create_debug_port u_ila_0 probe
set_property port_width 1 [get_debug_ports u_ila_0/probe50]
set_property PROBE_TYPE DATA_AND_TRIGGER [get_debug_ports u_ila_0/probe50]
connect_debug_port u_ila_0/probe50 [get_nets [list system_top_i/rv_system/WuKong_0/inst/core/Backend/LSU/io_in_1_valid ]]
create_debug_port u_ila_0 probe
set_property port_width 1 [get_debug_ports u_ila_0/probe51]
set_property PROBE_TYPE DATA_AND_TRIGGER [get_debug_ports u_ila_0/probe51]
connect_debug_port u_ila_0/probe51 [get_nets [list system_top_i/rv_system/WuKong_0/inst/core/Backend/LSU/io_memStall ]]
create_debug_port u_ila_0 probe
set_property port_width 1 [get_debug_ports u_ila_0/probe52]
set_property PROBE_TYPE DATA_AND_TRIGGER [get_debug_ports u_ila_0/probe52]
connect_debug_port u_ila_0/probe52 [get_nets [list system_top_i/rv_system/WuKong_0/inst/io_mmio_arready ]]
create_debug_port u_ila_0 probe
set_property port_width 1 [get_debug_ports u_ila_0/probe53]
set_property PROBE_TYPE DATA_AND_TRIGGER [get_debug_ports u_ila_0/probe53]
connect_debug_port u_ila_0/probe53 [get_nets [list system_top_i/rv_system/WuKong_0/inst/io_mmio_arvalid ]]
create_debug_port u_ila_0 probe
set_property port_width 1 [get_debug_ports u_ila_0/probe54]
set_property PROBE_TYPE DATA_AND_TRIGGER [get_debug_ports u_ila_0/probe54]
connect_debug_port u_ila_0/probe54 [get_nets [list system_top_i/rv_system/WuKong_0/inst/io_mmio_awready ]]
create_debug_port u_ila_0 probe
set_property port_width 1 [get_debug_ports u_ila_0/probe55]
set_property PROBE_TYPE DATA_AND_TRIGGER [get_debug_ports u_ila_0/probe55]
connect_debug_port u_ila_0/probe55 [get_nets [list system_top_i/rv_system/WuKong_0/inst/io_mmio_awvalid ]]
create_debug_port u_ila_0 probe
set_property port_width 1 [get_debug_ports u_ila_0/probe56]
set_property PROBE_TYPE DATA_AND_TRIGGER [get_debug_ports u_ila_0/probe56]
connect_debug_port u_ila_0/probe56 [get_nets [list system_top_i/rv_system/WuKong_0/inst/io_mmio_bready ]]
create_debug_port u_ila_0 probe
set_property port_width 1 [get_debug_ports u_ila_0/probe57]
set_property PROBE_TYPE DATA_AND_TRIGGER [get_debug_ports u_ila_0/probe57]
connect_debug_port u_ila_0/probe57 [get_nets [list system_top_i/rv_system/WuKong_0/inst/io_mmio_bvalid ]]
create_debug_port u_ila_0 probe
set_property port_width 1 [get_debug_ports u_ila_0/probe58]
set_property PROBE_TYPE DATA_AND_TRIGGER [get_debug_ports u_ila_0/probe58]
connect_debug_port u_ila_0/probe58 [get_nets [list system_top_i/rv_system/WuKong_0/inst/core/io_mmio_req_ready ]]
create_debug_port u_ila_0 probe
set_property port_width 1 [get_debug_ports u_ila_0/probe59]
set_property PROBE_TYPE DATA_AND_TRIGGER [get_debug_ports u_ila_0/probe59]
connect_debug_port u_ila_0/probe59 [get_nets [list system_top_i/rv_system/WuKong_0/inst/core/io_mmio_req_valid ]]
create_debug_port u_ila_0 probe
set_property port_width 1 [get_debug_ports u_ila_0/probe60]
set_property PROBE_TYPE DATA_AND_TRIGGER [get_debug_ports u_ila_0/probe60]
connect_debug_port u_ila_0/probe60 [get_nets [list system_top_i/rv_system/WuKong_0/inst/core/io_mmio_resp_ready ]]
create_debug_port u_ila_0 probe
set_property port_width 1 [get_debug_ports u_ila_0/probe61]
set_property PROBE_TYPE DATA_AND_TRIGGER [get_debug_ports u_ila_0/probe61]
connect_debug_port u_ila_0/probe61 [get_nets [list system_top_i/rv_system/WuKong_0/inst/core/io_mmio_resp_valid ]]
create_debug_port u_ila_0 probe
set_property port_width 1 [get_debug_ports u_ila_0/probe62]
set_property PROBE_TYPE DATA_AND_TRIGGER [get_debug_ports u_ila_0/probe62]
connect_debug_port u_ila_0/probe62 [get_nets [list system_top_i/rv_system/WuKong_0/inst/io_mmio_rlast ]]
create_debug_port u_ila_0 probe
set_property port_width 1 [get_debug_ports u_ila_0/probe63]
set_property PROBE_TYPE DATA_AND_TRIGGER [get_debug_ports u_ila_0/probe63]
connect_debug_port u_ila_0/probe63 [get_nets [list system_top_i/rv_system/WuKong_0/inst/io_mmio_rready ]]
create_debug_port u_ila_0 probe
set_property port_width 1 [get_debug_ports u_ila_0/probe64]
set_property PROBE_TYPE DATA_AND_TRIGGER [get_debug_ports u_ila_0/probe64]
connect_debug_port u_ila_0/probe64 [get_nets [list system_top_i/rv_system/WuKong_0/inst/io_mmio_rvalid ]]
create_debug_port u_ila_0 probe
set_property port_width 1 [get_debug_ports u_ila_0/probe65]
set_property PROBE_TYPE DATA_AND_TRIGGER [get_debug_ports u_ila_0/probe65]
connect_debug_port u_ila_0/probe65 [get_nets [list system_top_i/rv_system/WuKong_0/inst/io_mmio_wlast ]]
create_debug_port u_ila_0 probe
set_property port_width 1 [get_debug_ports u_ila_0/probe66]
set_property PROBE_TYPE DATA_AND_TRIGGER [get_debug_ports u_ila_0/probe66]
connect_debug_port u_ila_0/probe66 [get_nets [list system_top_i/rv_system/WuKong_0/inst/io_mmio_wready ]]
create_debug_port u_ila_0 probe
set_property port_width 1 [get_debug_ports u_ila_0/probe67]
set_property PROBE_TYPE DATA_AND_TRIGGER [get_debug_ports u_ila_0/probe67]
connect_debug_port u_ila_0/probe67 [get_nets [list system_top_i/rv_system/WuKong_0/inst/io_mmio_wvalid ]]
create_debug_port u_ila_0 probe
set_property port_width 1 [get_debug_ports u_ila_0/probe68]
set_property PROBE_TYPE DATA_AND_TRIGGER [get_debug_ports u_ila_0/probe68]
connect_debug_port u_ila_0/probe68 [get_nets [list system_top_i/rv_system/WuKong_0/inst/core/Backend/LSU/io_out_0_ready ]]
create_debug_port u_ila_0 probe
set_property port_width 1 [get_debug_ports u_ila_0/probe69]
set_property PROBE_TYPE DATA_AND_TRIGGER [get_debug_ports u_ila_0/probe69]
connect_debug_port u_ila_0/probe69 [get_nets [list system_top_i/rv_system/WuKong_0/inst/core/Backend/LSU/io_out_0_valid ]]
create_debug_port u_ila_0 probe
set_property port_width 1 [get_debug_ports u_ila_0/probe70]
set_property PROBE_TYPE DATA_AND_TRIGGER [get_debug_ports u_ila_0/probe70]
connect_debug_port u_ila_0/probe70 [get_nets [list system_top_i/rv_system/WuKong_0/inst/core/Backend/LSU/io_out_1_ready ]]
create_debug_port u_ila_0 probe
set_property port_width 1 [get_debug_ports u_ila_0/probe71]
set_property PROBE_TYPE DATA_AND_TRIGGER [get_debug_ports u_ila_0/probe71]
connect_debug_port u_ila_0/probe71 [get_nets [list system_top_i/rv_system/WuKong_0/inst/core/Backend/LSU/io_out_1_valid ]]
create_debug_port u_ila_0 probe
set_property port_width 1 [get_debug_ports u_ila_0/probe72]
set_property PROBE_TYPE DATA_AND_TRIGGER [get_debug_ports u_ila_0/probe72]
connect_debug_port u_ila_0/probe72 [get_nets [list system_top_i/rv_system/WuKong_0/inst/core/Backend/io_redirectOut_rtype ]]
create_debug_port u_ila_0 probe
set_property port_width 1 [get_debug_ports u_ila_0/probe73]
set_property PROBE_TYPE DATA_AND_TRIGGER [get_debug_ports u_ila_0/probe73]
connect_debug_port u_ila_0/probe73 [get_nets [list system_top_i/rv_system/WuKong_0/inst/core/Backend/io_redirectOut_valid ]]
create_debug_port u_ila_0 probe
set_property port_width 1 [get_debug_ports u_ila_0/probe74]
set_property PROBE_TYPE DATA_AND_TRIGGER [get_debug_ports u_ila_0/probe74]
connect_debug_port u_ila_0/probe74 [get_nets [list system_top_i/rv_system/WuKong_0/inst/core/Backend/pipeStage6_io_right_valid ]]
create_debug_port u_ila_0 probe
set_property port_width 1 [get_debug_ports u_ila_0/probe75]
set_property PROBE_TYPE DATA_AND_TRIGGER [get_debug_ports u_ila_0/probe75]
connect_debug_port u_ila_0/probe75 [get_nets [list system_top_i/rv_system/WuKong_0/inst/core/Backend/pipeStage7_io_right_ready ]]
create_debug_port u_ila_0 probe
set_property port_width 1 [get_debug_ports u_ila_0/probe76]
set_property PROBE_TYPE DATA_AND_TRIGGER [get_debug_ports u_ila_0/probe76]
connect_debug_port u_ila_0/probe76 [get_nets [list system_top_i/rv_system/WuKong_0/inst/core/Backend/pipeStage7_io_right_valid ]]
set_property target_constrs_file /home/lijinming/xiaohe-env/xs-env/NutShell/fpga/board/pynq/build/myproject-pynq/myproject-pynq.srcs/constrs_1/new/aaaa.xdc [current_fileset -constrset]
save_constraints -force
launch_runs impl_1 -jobs 20
Netlist sorting complete. Time (s): cpu = 00:00:00.15 ; elapsed = 00:00:00.10 . Memory (MB): peak = 9101.328 ; gain = 0.000 ; free physical = 192990 ; free virtual = 218179
INFO: [Timing 38-480] Writing timing data to binary archive.
Writing placer database...
Writing XDEF routing.
Writing XDEF routing logical nets.
Writing XDEF routing special nets.
Write XDEF Complete: Time (s): cpu = 00:00:01 ; elapsed = 00:00:00.25 . Memory (MB): peak = 9101.328 ; gain = 0.000 ; free physical = 192952 ; free virtual = 218150
[Wed Jun 10 08:25:30 2026] Launched impl_1...
Run output will be captured here: /home/lijinming/xiaohe-env/xs-env/NutShell/fpga/board/pynq/build/myproject-pynq/myproject-pynq.runs/impl_1/runme.log
launch_runs: Time (s): cpu = 00:00:49 ; elapsed = 00:00:32 . Memory (MB): peak = 9101.328 ; gain = 0.000 ; free physical = 192943 ; free virtual = 218152
close_design
open_run impl_1
INFO: [Netlist 29-17] Analyzing 23168 Unisim elements for replacement
INFO: [Netlist 29-28] Unisim Transformation completed in 3 CPU seconds
INFO: [Project 1-479] Netlist was created with Vivado 2019.1
INFO: [Project 1-570] Preparing netlist for logic optimization
WARNING: [Constraints 18-550] Could not create 'IBUF_LOW_PWR' constraint because net 'system_top_i/hier_clkrst/clk_wiz_0/clk_in1' is not directly connected to top level port. Synthesis is ignored for IBUF_LOW_PWR but preserved for implementation.
INFO: [Timing 38-478] Restoring timing data from binary archive.
INFO: [Timing 38-479] Binary timing data restore complete.
INFO: [Project 1-856] Restoring constraints from binary archive.
INFO: [Project 1-853] Binary constraint restore complete.
Reading XDEF placement.
Reading placer database...
Reading XDEF routing.
Read XDEF File: Time (s): cpu = 00:00:16 ; elapsed = 00:00:14 . Memory (MB): peak = 9351.629 ; gain = 158.949 ; free physical = 191942 ; free virtual = 217470
Restored from archive | CPU: 16.540000 secs | Memory: 178.055290 MB |
Finished XDEF File Restore: Time (s): cpu = 00:00:16 ; elapsed = 00:00:14 . Memory (MB): peak = 9351.629 ; gain = 158.949 ; free physical = 191942 ; free virtual = 217470
Netlist sorting complete. Time (s): cpu = 00:00:00.09 ; elapsed = 00:00:00.08 . Memory (MB): peak = 9351.629 ; gain = 0.000 ; free physical = 191979 ; free virtual = 217507
INFO: [Project 1-111] Unisim Transformation Summary:
  A total of 11461 instances were transformed.
  CFGLUT5 => CFGLUT5 (SRLC32E, SRL16E): 9076 instances
  RAM32M => RAM32M (RAMD32, RAMD32, RAMD32, RAMD32, RAMD32, RAMD32, RAMS32, RAMS32): 126 instances
  RAM32X1D => RAM32X1D (RAMD32, RAMD32): 2 instances
  RAM64M => RAM64M (RAMD64E, RAMD64E, RAMD64E, RAMD64E): 32 instances
  RAM64X1D => RAM64X1D (RAMD64E, RAMD64E): 88 instances
  RAM64X1S => RAM64X1S (RAMS64E): 2136 instances
  SRLC32E => SRL16E: 1 instances

open_run: Time (s): cpu = 00:01:16 ; elapsed = 00:01:12 . Memory (MB): peak = 9435.898 ; gain = 334.570 ; free physical = 191870 ; free virtual = 217399
open_report: Time (s): cpu = 00:00:46 ; elapsed = 00:00:16 . Memory (MB): peak = 9660.699 ; gain = 210.699 ; free physical = 191620 ; free virtual = 217149
WARNING: [Timing 38-436] There are set_bus_skew constraint(s) in this design. Please run report_bus_skew to ensure that bus skew requirements are met.
launch_runs impl_1 -to_step write_bitstream -jobs 20
[Wed Jun 10 09:13:50 2026] Launched impl_1...
Run output will be captured here: /home/lijinming/xiaohe-env/xs-env/NutShell/fpga/board/pynq/build/myproject-pynq/myproject-pynq.runs/impl_1/runme.log
file mkdir /home/lijinming/xiaohe-env/xs-env/NutShell/fpga/board/pynq/build/myproject-pynq/myproject-pynq.sdk
file copy -force /home/lijinming/xiaohe-env/xs-env/NutShell/fpga/board/pynq/build/myproject-pynq/myproject-pynq.runs/impl_1/system_top_wrapper.sysdef /home/lijinming/xiaohe-env/xs-env/NutShell/fpga/board/pynq/build/myproject-pynq/myproject-pynq.sdk/system_top_wrapper.hdf

launch_sdk -workspace /home/lijinming/xiaohe-env/xs-env/NutShell/fpga/board/pynq/build/myproject-pynq/myproject-pynq.sdk -hwspec /home/lijinming/xiaohe-env/xs-env/NutShell/fpga/board/pynq/build/myproject-pynq/myproject-pynq.sdk/system_top_wrapper.hdf
INFO: [Vivado 12-393] Launching SDK...
INFO: [Vivado 12-417] Running xsdk -workspace /home/lijinming/xiaohe-env/xs-env/NutShell/fpga/board/pynq/build/myproject-pynq/myproject-pynq.sdk -hwspec /home/lijinming/xiaohe-env/xs-env/NutShell/fpga/board/pynq/build/myproject-pynq/myproject-pynq.sdk/system_top_wrapper.hdf
INFO: [Vivado 12-3157] SDK launch initiated. Please check console for any further messages.
